Post ID,Title,Url,Author,Score,Publish Date,Total No. of Comments,Permalink
ajfjsh,"Top 3 Price Prediction Bitcoin, Ripple, Ethereum; Showing Resilience Aft...",https://www.youtube.com/attribution_link?a=egRCqEOKmp8&amp;u=%2Fwatch%3Fv%3D1s7VkVeJV_U%26feature%3Dshare,Ask-Bitcoin,1,2019-01-24 13:42:54,0,/r/news/comments/ajfjsh/top_3_price_prediction_bitcoin_ripple_ethereum/,NaN
ancd9i,"""The Crypto Bear Market Won't Last"" – Anonymous $200 Million Ethereum Trader",http://www.worthyairdrops.xyz/2019/02/the-crypto-bear-market-wont-last.html,Worthyairdrops,1,2019-02-05 04:04:51,0,/r/news/comments/ancd9i/the_crypto_bear_market_wont_last_anonymous_200/,NaN
annum9,Ethereum the Crypto of Scams,https://coindelite.com/news/ethereum-the-crypto-of-scams/,himanshu47sk,1,2019-02-06 01:11:42,0,/r/news/comments/annum9/ethereum_the_crypto_of_scams/,NaN
aq44av,"Bitcoin Price Clings to $3,600 with Iron Fist, Ethereum Races Past Ripple",https://rollpost.com/bitcoin-price-clings-to-3600-with-iron-fist-ethereum-races-past-ripple/,asseenonyoutub,1,2019-02-13 02:36:48,1,/r/news/comments/aq44av/bitcoin_price_clings_to_3600_with_iron_fist/,NaN
aq8rsz,Ethereum ETH USD Price Analysis; Cryptocurrency forecasting bullish reig...,https://www.youtube.com/attribution_link?a=whG9Ghh-W5Y&amp;u=%2Fwatch%3Fv%3DJWsnNZYHsg8%26feature%3Dshare,Ask-Bitcoin,1,2019-02-13 12:05:49,0,/r/news/comments/aq8rsz/ethereum_eth_usd_price_analysis_cryptocurrency/,NaN
auy3k4,Chinese citizens are using the Ethereum blockchain to bypass government censorship,https://theconversation.com/chinese-internet-users-turn-to-the-blockchain-to-fight-against-government-censorship-111795,loci-io,1,2019-02-26 05:46:48,0,/r/news/comments/auy3k4/chinese_citizens_are_using_the_ethereum/,NaN
auyee6,"The Ledger Nano X can store up to 100 applications at the same time, including Bitcoin, Ethereum, XRP, available for pre-order now.",https://www.ledger.com/products/ledger-nano-x?r=fed6eda3e69c&amp;tracker=nano_x,mdansarul,0,2019-02-26 06:27:50,0,/r/news/comments/auyee6/the_ledger_nano_x_can_store_up_to_100/,NaN
axilzb,Man's Hand Holding Golden Bitcoin on Black Background Litecoin Ethereum Neo,https://themeswp.club/mans-hand-holding-golden-bitcoin-on-black-background-litecoin-ethereum-neo/,samanthachen173,1,2019-03-05 02:52:15,0,/r/news/comments/axilzb/mans_hand_holding_golden_bitcoin_on_black/,NaN
ay95ab,This blockchain claims it can have more users than EOS and Ethereum combined.Here's how.,https://blocktelegraph.io/this-blockchain-claims-it-can-have-more-users-than-eos-and-ethereum-combined-heres-how/,DaniBian,1,2019-03-07 00:40:38,0,/r/news/comments/ay95ab/this_blockchain_claims_it_can_have_more_users/,NaN
b8zh25,ethereum mining,https://bitcoin-generator.network,aucoin2859,1,2019-04-03 11:33:42,0,/r/news/comments/b8zh25/ethereum_mining/,NaN
beheq4,buy ethereum,http://www.xcoins.com/,buybitcoin0,1,2019-04-18 00:28:47,0,/r/news/comments/beheq4/buy_ethereum/,NaN
bj2gsc,"Elon Musk asks ""what should be developed on Ethereum?""",https://coinrivet.com/elon-musk-asks-what-should-be-developed-on-ethereum/,Coinsmash,1,2019-04-30 08:01:21,0,/r/news/comments/bj2gsc/elon_musk_asks_what_should_be_developed_on/,NaN
bm2e6z,FreedomOptions.io Releases Simple Bitcoin and Ethereum Binary Options Platform,https://www.abc-7.com/story/40434306/freedomoptionsio-releases-simple-bitcoin-and-ethereum-binary-options-platform,telorecomiendo,0,2019-05-08 03:42:19,0,/r/news/comments/bm2e6z/freedomoptionsio_releases_simple_bitcoin_and/,NaN
bm33aq,Ethereum News,https://www.ethereum-news.info,KatefGilfillan,1,2019-05-08 05:23:04,0,/r/news/comments/bm33aq/ethereum_news/,NaN
c1o92s,The estimated launch date of Ethereum 2.0,https://btcxlab.com/?p=1038,btcxlab,1,2019-06-17 10:35:55,0,/r/news/comments/c1o92s/the_estimated_launch_date_of_ethereum_20/,NaN
c2mh3r,MetLife Plans To Disrupt $2.7 Trillion Life Insurance Industry Using Ethereum Blockchain,https://www.forbes.com/sites/stevenehrlich/2019/06/19/metlife-plans-to-disrupt-2-7-trillion-life-insurance-industry-using-ethereum-blockchain/#54fbad372770,SillyCubensis,1,2019-06-19 16:47:08,0,/r/news/comments/c2mh3r/metlife_plans_to_disrupt_27_trillion_life/,NaN
c74mbt,A Wannabe Netflix Raised $575 Million on Ethereum – Then Ditched Crypto - CoinDesk,https://www.coindesk.com/a-wannabe-netflix-raised-575-million-on-ethereum-then-ditched-crypto,valrulez,1,2019-06-29 17:07:30,1,/r/news/comments/c74mbt/a_wannabe_netflix_raised_575_million_on_ethereum/,NaN
cegjpf,Ethereum Scaling Solutions 2019 - Why Bitcoin Cash? Why Not EOS!,https://www.youtube.com/watch?v=OQCtTfXE6G8,MaxGreenerz,1,2019-07-17 14:13:17,0,/r/news/comments/cegjpf/ethereum_scaling_solutions_2019_why_bitcoin_cash/,NaN
chkn8y,"Altcoin Analysis: Bitcoin + 165%, Ripple + 28%, Ethereum + 107%, Litecoin + 103% — Crypto Market Review Q2",https://medium.com/altcoin-magazine/altcoin-analysis-bitcoin-165-ripple-28-ethereum-107-litecoin-103-crypto-market-471ba82a147a,Altcoin-Magazine,1,2019-07-25 03:45:53,0,/r/news/comments/chkn8y/altcoin_analysis_bitcoin_165_ripple_28_ethereum/,NaN
cjihao,EOS News Weekly #31 - Ethereum &amp; EOS Connect! - Karma Update - EOSfinex - EOS Dapps &amp; More!,https://www.youtube.com/watch?v=D6rV4g4l2CY,MaxGreenerz,1,2019-07-29 18:24:34,0,/r/news/comments/cjihao/eos_news_weekly_31_ethereum_eos_connect_karma/,NaN
cl9ft4,"Why Are The SEC Going To Mine Bitcoin, Ethereum &amp; EOS?",https://www.youtube.com/watch?v=Y157sijV8fA,MaxGreenerz,1,2019-08-02 16:26:18,0,/r/news/comments/cl9ft4/why_are_the_sec_going_to_mine_bitcoin_ethereum_eos/,NaN
clbxae,Free money in ethereum,https://free-ethereum.io/?referer=81549,fardonnn,1,2019-08-02 19:57:47,0,/r/news/comments/clbxae/free_money_in_ethereum/,NaN
cvjwsk,"Early Bitcoin and Ethereum Developers Set to Roll-Out ""Skywire"" - a New, Decentralized Internet from Skycoin",https://finance.yahoo.com/news/early-bitcoin-ethereum-developers-set-133500896.html,jlvelardek,1,2019-08-26 01:43:31,0,/r/news/comments/cvjwsk/early_bitcoin_and_ethereum_developers_set_to/,NaN
cwjr1p,Altcoin News: Ethereum Developers Announces Postponement of Istanbul Update,https://medium.com/altcoin-magazine/altcoin-news-ethereum-developers-announces-postponement-of-istanbul-update-d74c5e4d38f,Altcoin-Magazine,1,2019-08-28 07:55:00,0,/r/news/comments/cwjr1p/altcoin_news_ethereum_developers_announces/,NaN
d62qz3,Ethereum 2.0 Explained By Vitalik Buterin 2019,https://www.youtube.com/watch?v=l6RQ0x02QA8,MaxGreenerz,1,2019-09-18 15:22:14,0,/r/news/comments/d62qz3/ethereum_20_explained_by_vitalik_buterin_2019/,NaN
d6o5t7,Harbor Tokenizes Real Estate Funds Worth $100 Million on Ethereum,https://www.coindesk.com/harbor-tokenizes-real-estate-funds-worth-100-million-on-ethereum,Stukwan,1,2019-09-19 22:08:50,0,/r/news/comments/d6o5t7/harbor_tokenizes_real_estate_funds_worth_100/,NaN
db82sn,Technical Analysis of Ethereum Price (ETH) along with Graph (7 October 98),https://isignal.ir/analyse/تحلیل-تکنیکال-قیمت-اتریوم-7-مهر/,sosan69,1,2019-09-30 03:33:34,0,/r/news/comments/db82sn/technical_analysis_of_ethereum_price_eth_along/,NaN
deujaz,"The Enterprise Ethereum Alliance creates a system of trusted reward tokens backed by Microsoft and Intel, to incentivize teamwork in consortiums of companies (Ian Allison/CoinDesk)",https://h0w-t00.blogspot.com/2019/10/the-enterprise-ethereum-alliance.html,Mu-Fee,1,2019-10-07 23:32:33,0,/r/news/comments/deujaz/the_enterprise_ethereum_alliance_creates_a_system/,NaN
dzkdqv,"Buy Bitcoin, Ethereum &amp; Litecoin With Credit Card - No Verification $125 - Switchere",https://www.youtube.com/watch?v=AeKKLi8G398&amp;t=,MaxGreenerz,1,2019-11-21 09:53:11,0,/r/news/comments/dzkdqv/buy_bitcoin_ethereum_litecoin_with_credit_card_no/,NaN
dzvxgc,"The bitcoin and cryptocurrency market has lost a combined $170 billion since its year-to-date high set in June, with major tokens ethereum, Ripple’s XRP, and litecoin all falling steeply",https://www.forbes.com/sites/billybambrough/2019/11/21/as-bitcoin-ethereum-ripples-xrp-and-litecoin-lose-billions-this-one-small-coin-has-more-than-doubled/,Antscannabis,1,2019-11-21 23:33:31,0,/r/news/comments/dzvxgc/the_bitcoin_and_cryptocurrency_market_has_lost_a/,NaN
e3jn2c,"LIVE Q&amp;A - Bitcoin, EOS, Ethereum, Dapps &amp; More!",https://www.youtube.com/watch?v=QFkrV-8iGt0,MaxGreenerz,1,2019-11-29 14:38:19,0,/r/news/comments/e3jn2c/live_qa_bitcoin_eos_ethereum_dapps_more/,NaN
e5n3rg,Ethereum developer Virgil Griffith accused of helping North Korea evade sanctions – TechCrunch,https://techcrunch.com/2019/12/03/ethereum-developer-virgil-griffith-accused-of-helping-north-korea-evade-sanctions/,HawtchWatcher,1,2019-12-03 15:29:40,0,/r/news/comments/e5n3rg/ethereum_developer_virgil_griffith_accused_of/,NaN
e67qif,"China has blocked etherscan, the explorer of the blockchain ethereum no longer reachable from mainland China",https://www.publish0x.com/cryptofarm/china-has-blocked-etherscan-explorer-blockchain-ethereum-no-xrrojq?a=9wdL95gejP,jwolf696,1,2019-12-04 18:08:30,0,/r/news/comments/e67qif/china_has_blocked_etherscan_the_explorer_of_the/,NaN
e77u55,"LIVE Q&amp;A - Bitcoin, EOS, Voice, Ethereum, Dapps &amp; More!",https://www.youtube.com/watch?v=JMNJaK3l9RU,MaxGreenerz,1,2019-12-06 20:28:36,0,/r/news/comments/e77u55/live_qa_bitcoin_eos_voice_ethereum_dapps_more/,NaN
e960je,Ethereum Ice Age May be Imminent If Miners Withdraw From Network,https://www.cashport.co/?cashport_technical=ethereum-ice-age-may-be-imminent-if-miners-withdraw-from-network,Waelsidani,1,2019-12-11 06:37:52,0,/r/news/comments/e960je/ethereum_ice_age_may_be_imminent_if_miners/,NaN
eco3ru,Crypto News Weekly #51 - Bitcoin Squeeze! - EOS News Brendan CEO! - Ethereum Istanbul &amp; More!,https://www.youtube.com/watch?v=8QdqoFkC8yU,MaxGreenerz,1,2019-12-18 23:27:25,0,/r/news/comments/eco3ru/crypto_news_weekly_51_bitcoin_squeeze_eos_news/,NaN
eg0vjo,50 Million Dollar Ethereum Stolen from Famous Crypto Money Exchange - Technology,https://tech.yapiokulu.com/50-million-dollar-ethereum-stolen-from-famous-crypto-money-exchange/,redikiblog,1,2019-12-26 15:57:54,0,/r/news/comments/eg0vjo/50_million_dollar_ethereum_stolen_from_famous/,NaN
el20l7,"Bitcoin, Ethereum &amp; EOS Price Prediction 2020",https://www.youtube.com/watch?v=y3wOQyXg-2U&amp;t=,MaxGreenerz,1,2020-01-06 18:03:48,0,/r/news/comments/el20l7/bitcoin_ethereum_eos_price_prediction_2020/,NaN
emlnf6,"Crypto News Weekly #1 - Bitcoin, Iran, EOS, Ethereum, Blockchain News &amp; More! Crypto 2020 Is Here!",https://www.youtube.com/watch?v=9yfEpRr-f0s&amp;t=,MaxGreenerz,1,2020-01-09 23:12:05,0,/r/news/comments/emlnf6/crypto_news_weekly_1_bitcoin_iran_eos_ethereum/,NaN
f9fliq,Defi Explained - Best Decentralized Finance (Defi) Projects On Ethereum,https://www.youtube.com/watch?v=7nX50Hfd-jg,MaxGreenerz,1,2020-02-25 14:26:54,0,/r/news/comments/f9fliq/defi_explained_best_decentralized_finance_defi/,NaN
fdg4t2,Ethereum Gamblers spend over $1 million daily but Tron whales win,https://btclights.com/ethereum-gamblers-spend-over-1-million-daily-but-tron-whales-win/,Kipyegonn,1,2020-03-04 12:10:52,0,/r/news/comments/fdg4t2/ethereum_gamblers_spend_over_1_million_daily_but/,NaN
fyt7u4,Reddit May Use Ethereum for a New Token-Based Points System,https://bbccnnlife.com/2020/04/11/reddit-may-use-ethereum-for-a-new-token-based-points-system/?feed_id=16215&amp;_unique_id=5e9116661929a,jelloooo2,1,2020-04-10 20:59:18,0,/r/news/comments/fyt7u4/reddit_may_use_ethereum_for_a_new_tokenbased/,NaN
g1ob0d,Lịch sử về đồng tiền điện tử Ethereum có gì đặc biệt?,https://timebit.news/tin-tuc/lich-su-ve-dong-tien-dien-tu-ethereum-co-gi-dac-biet/,Timebiteco,1,2020-04-15 04:55:44,0,/r/news/comments/g1ob0d/lịch_sử_về_đồng_tiền_điện_tử_ethereum_có_gì_đặc/,NaN
g2s2p2,Market Wrap: Ether Making Big Gains as Stablecoins Proliferate on Ethereum,https://www.bbccnnlife.com/2020/04/17/market-wrap-ether-making-big-gains-as-stablecoins-proliferate-on-ethereum/?feed_id=18423&amp;_unique_id=5e990282c049e,jelloooo2,1,2020-04-16 21:12:35,0,/r/news/comments/g2s2p2/market_wrap_ether_making_big_gains_as_stablecoins/,NaN
ggq8r9,Weiss: March was the Best Time to Buy Bitcoin (BTC) and Ethereum (ETH),http://techfans.co.uk/weiss-march-was-the-best-time-to-buy-bitcoin-btc-and-ethereum-eth/?feed_id=98073&amp;_unique_id=5eb73d0563e16,tech_fans,1,2020-05-09 19:30:13,0,/r/news/comments/ggq8r9/weiss_march_was_the_best_time_to_buy_bitcoin_btc/,NaN
ggq8ro,Weiss: March was the Best Time to Buy Bitcoin (BTC) and Ethereum (ETH),http://techfans.co.uk/weiss-march-was-the-best-time-to-buy-bitcoin-btc-and-ethereum-eth/?feed_id=98075&amp;_unique_id=5eb73d06dd731,08sc009,1,2020-05-09 19:30:15,0,/r/news/comments/ggq8ro/weiss_march_was_the_best_time_to_buy_bitcoin_btc/,NaN
ggr4rg,"Crypto Market Update for 9 May 2020: Bitcoin, Ethereum, and Chainlink",http://techfans.co.uk/crypto-market-update-for-9-may-2020-bitcoin-ethereum-and-chainlink/?feed_id=98206&amp;_unique_id=5eb74999bf4ab,tech_fans,1,2020-05-09 20:23:54,0,/r/news/comments/ggr4rg/crypto_market_update_for_9_may_2020_bitcoin/,Already Submitted
ggr4sk,"Crypto Market Update for 9 May 2020: Bitcoin, Ethereum, and Chainlink",http://techfans.co.uk/crypto-market-update-for-9-may-2020-bitcoin-ethereum-and-chainlink/?feed_id=98208&amp;_unique_id=5eb7499c16e58,08sc009,1,2020-05-09 20:23:56,0,/r/news/comments/ggr4sk/crypto_market_update_for_9_may_2020_bitcoin/,Already Submitted
ggwer6,"Bitcoin (BTC) Tumbles to $8,600 in Sudden Crypto Crash, Sending Ethereum, XRP and Altcoin Market Into Deep Red Territory",http://techfans.co.uk/bitcoin-btc-tumbles-to-8600-in-sudden-crypto-crash-sending-ethereum-xrp-and-altcoin-market-into-deep-red-territory/?feed_id=98548&amp;_unique_id=5eb7a07c9726e,tech_fans,1,2020-05-10 02:34:36,0,/r/news/comments/ggwer6/bitcoin_btc_tumbles_to_8600_in_sudden_crypto/,NaN
ggwerp,"Bitcoin (BTC) Tumbles to $8,600 in Sudden Crypto Crash, Sending Ethereum, XRP and Altcoin Market Into Deep Red Territory",http://techfans.co.uk/bitcoin-btc-tumbles-to-8600-in-sudden-crypto-crash-sending-ethereum-xrp-and-altcoin-market-into-deep-red-territory/?feed_id=98550&amp;_unique_id=5eb7a07e208cc,08sc009,1,2020-05-10 02:34:38,0,/r/news/comments/ggwerp/bitcoin_btc_tumbles_to_8600_in_sudden_crypto/,NaN
gh6s2c,Ethereum-Bitcoin implied volatility spread drops despite conflicting correlation patterns,http://techfans.co.uk/ethereum-bitcoin-implied-volatility-spread-drops-despite-conflicting-correlation-patterns/?feed_id=99802&amp;_unique_id=5eb84935af242,tech_fans,1,2020-05-10 14:34:30,0,/r/news/comments/gh6s2c/ethereumbitcoin_implied_volatility_spread_drops/,NaN
gh6s35,Ethereum-Bitcoin implied volatility spread drops despite conflicting correlation patterns,http://techfans.co.uk/ethereum-bitcoin-implied-volatility-spread-drops-despite-conflicting-correlation-patterns/?feed_id=99804&amp;_unique_id=5eb84938102e4,08sc009,1,2020-05-10 14:34:32,0,/r/news/comments/gh6s35/ethereumbitcoin_implied_volatility_spread_drops/,NaN
ghdye5,Buterin criticizes Bitcoin for centralisation and defends Ethereum,http://techfans.co.uk/buterin-criticizes-bitcoin-for-centralisation-and-defends-ethereum/?feed_id=100296&amp;_unique_id=5eb8a84ce25a6,tech_fans,1,2020-05-10 21:20:13,0,/r/news/comments/ghdye5/buterin_criticizes_bitcoin_for_centralisation_and/,NaN
ghdyep,Buterin criticizes Bitcoin for centralisation and defends Ethereum,http://techfans.co.uk/buterin-criticizes-bitcoin-for-centralisation-and-defends-ethereum/?feed_id=100298&amp;_unique_id=5eb8a84e50a30,08sc009,1,2020-05-10 21:20:14,0,/r/news/comments/ghdyep/buterin_criticizes_bitcoin_for_centralisation_and/,NaN
ghqhnn,There's more Bitcoin on Ethereum than in the Lightning Network,http://techfans.co.uk/theres-more-bitcoin-on-ethereum-than-in-the-lightning-network/?feed_id=104248&amp;_unique_id=5eb978db8acba,tech_fans,1,2020-05-11 12:10:03,0,/r/news/comments/ghqhnn/theres_more_bitcoin_on_ethereum_than_in_the/,NaN
ghqhny,There's more Bitcoin on Ethereum than in the Lightning Network,http://techfans.co.uk/theres-more-bitcoin-on-ethereum-than-in-the-lightning-network/?feed_id=104250&amp;_unique_id=5eb978dc736f7,08sc009,1,2020-05-11 12:10:04,0,/r/news/comments/ghqhny/theres_more_bitcoin_on_ethereum_than_in_the/,NaN
ghrl7t,"Zcash Alliance Aims to Bring Privacy Tech to Bitcoin, Cosmos and Ethereum",http://techfans.co.uk/zcash-alliance-aims-to-bring-privacy-tech-to-bitcoin-cosmos-and-ethereum/?feed_id=104514&amp;_unique_id=5eb9859d87d02,tech_fans,1,2020-05-11 13:04:33,0,/r/news/comments/ghrl7t/zcash_alliance_aims_to_bring_privacy_tech_to/,NaN
ghrlaw,"Zcash Alliance Aims to Bring Privacy Tech to Bitcoin, Cosmos and Ethereum",http://techfans.co.uk/zcash-alliance-aims-to-bring-privacy-tech-to-bitcoin-cosmos-and-ethereum/?feed_id=104516&amp;_unique_id=5eb985a7d340b,08sc009,1,2020-05-11 13:04:40,0,/r/news/comments/ghrlaw/zcash_alliance_aims_to_bring_privacy_tech_to/,NaN
gi9di6,Kronoverse Leaves Ethereum-based Enjin System to Use Bitcoin SV to Tokenize Esports In-game Items,http://techfans.co.uk/kronoverse-leaves-ethereum-based-enjin-system-to-use-bitcoin-sv-to-tokenize-esports-in-game-items/?feed_id=108903&amp;_unique_id=5eba87780fd9f,tech_fans,1,2020-05-12 07:24:40,0,/r/news/comments/gi9di6/kronoverse_leaves_ethereumbased_enjin_system_to/,NaN
gi9dip,Kronoverse Leaves Ethereum-based Enjin System to Use Bitcoin SV to Tokenize Esports In-game Items,http://techfans.co.uk/kronoverse-leaves-ethereum-based-enjin-system-to-use-bitcoin-sv-to-tokenize-esports-in-game-items/?feed_id=108905&amp;_unique_id=5eba87793487a,08sc009,1,2020-05-12 07:24:41,0,/r/news/comments/gi9dip/kronoverse_leaves_ethereumbased_enjin_system_to/,NaN
gkcqka,Reddit’s Reputation Based Token Rewards System Will Shift to Ethereum Blockchain Next Year,https://www.cointrust.com/ethereum-news/reddits-reputation-based-token-rewards-system-will-shift-to-ethereum-blockchain-next-year,[deleted],1,2020-05-15 12:49:33,0,/r/news/comments/gkcqka/reddits_reputation_based_token_rewards_system/,NaN
gl05ae,Bitcoin Is Invading Decentralized Finance On The Ethereum Network,http://techfans.co.uk/bitcoin-is-invading-decentralized-finance-on-the-ethereum-network/?feed_id=131266&amp;_unique_id=5ec037ac9b360,tech_fans,1,2020-05-16 14:57:48,0,/r/news/comments/gl05ae/bitcoin_is_invading_decentralized_finance_on_the/,NaN
gl05b4,Bitcoin Is Invading Decentralized Finance On The Ethereum Network,http://techfans.co.uk/bitcoin-is-invading-decentralized-finance-on-the-ethereum-network/?feed_id=131268&amp;_unique_id=5ec037ae17ab8,08sc009,1,2020-05-16 14:57:50,0,/r/news/comments/gl05b4/bitcoin_is_invading_decentralized_finance_on_the/,NaN
gmcrbg,Developers of Ethereum Privacy Tool Tornado Cash Smash Their Keys,https://bbccnnlife.com/2020/05/18/developers-of-ethereum-privacy-tool-tornado-cash-smash-their-keys/?feed_id=28191&amp;_unique_id=5ec31836b2b44,jelloooo2,1,2020-05-18 19:20:23,0,/r/news/comments/gmcrbg/developers_of_ethereum_privacy_tool_tornado_cash/,NaN
gmhcpu,"Learning about digital assets by trading BTC might be the real segways for future trading economists, Interplanetary style #Ethereum #IPFS #NotWallStreet #AI",https://room.eu.com/article/time-to-discuss-regulations-for-future-interplanetary-trade,hp307,1,2020-05-19 00:05:41,0,/r/news/comments/gmhcpu/learning_about_digital_assets_by_trading_btc/,NaN
gn6kfw,"Bitcoin Halving Readies Ethereum, XRP, and Litecoin for Bullish Breakout",http://techfans.co.uk/bitcoin-halving-readies-ethereum-xrp-and-litecoin-for-bullish-breakout/?feed_id=144870&amp;_unique_id=5ec4d6252bd7d,tech_fans,1,2020-05-20 03:03:01,0,/r/news/comments/gn6kfw/bitcoin_halving_readies_ethereum_xrp_and_litecoin/,NaN
gn6kg6,"Bitcoin Halving Readies Ethereum, XRP, and Litecoin for Bullish Breakout",http://techfans.co.uk/bitcoin-halving-readies-ethereum-xrp-and-litecoin-for-bullish-breakout/?feed_id=144872&amp;_unique_id=5ec4d626827fd,08sc009,1,2020-05-20 03:03:02,0,/r/news/comments/gn6kg6/bitcoin_halving_readies_ethereum_xrp_and_litecoin/,NaN
gn7y81,Bitcoin-Backed Ethereum Token tBTC Paused Due to Poorly Tested Redemption Code,http://techfans.co.uk/bitcoin-backed-ethereum-token-tbtc-paused-due-to-poorly-tested-redemption-code/?feed_id=145098&amp;_unique_id=5ec4f20d72059,tech_fans,1,2020-05-20 05:02:05,0,/r/news/comments/gn7y81/bitcoinbacked_ethereum_token_tbtc_paused_due_to/,NaN
gn7y88,Bitcoin-Backed Ethereum Token tBTC Paused Due to Poorly Tested Redemption Code,http://techfans.co.uk/bitcoin-backed-ethereum-token-tbtc-paused-due-to-poorly-tested-redemption-code/?feed_id=145100&amp;_unique_id=5ec4f20eb7aa6,08sc009,1,2020-05-20 05:02:06,0,/r/news/comments/gn7y88/bitcoinbacked_ethereum_token_tbtc_paused_due_to/,NaN
gnkczk,"Bitcoin, Ethereum Classic &amp; Ripple - American Wrap",http://techfans.co.uk/bitcoin-ethereum-classic-ripple-american-wrap/?feed_id=148613&amp;_unique_id=5ec5a95b6c15c,tech_fans,1,2020-05-20 18:04:11,0,/r/news/comments/gnkczk/bitcoin_ethereum_classic_ripple_american_wrap/,NaN
gnkd08,"Bitcoin, Ethereum Classic &amp; Ripple - American Wrap",http://techfans.co.uk/bitcoin-ethereum-classic-ripple-american-wrap/?feed_id=148615&amp;_unique_id=5ec5a95cec61c,08sc009,1,2020-05-20 18:04:13,0,/r/news/comments/gnkd08/bitcoin_ethereum_classic_ripple_american_wrap/,NaN
gnvgz3,Ethereum is more Stable than Bitcoin,http://techfans.co.uk/ethereum-is-more-stable-than-bitcoin/?feed_id=150855&amp;_unique_id=5ec66bc691d45,tech_fans,1,2020-05-21 07:53:42,0,/r/news/comments/gnvgz3/ethereum_is_more_stable_than_bitcoin/,NaN
gnvgzb,Ethereum is more Stable than Bitcoin,http://techfans.co.uk/ethereum-is-more-stable-than-bitcoin/?feed_id=150857&amp;_unique_id=5ec66bc7a0c8e,08sc009,1,2020-05-21 07:53:43,0,/r/news/comments/gnvgzb/ethereum_is_more_stable_than_bitcoin/,NaN
go4vn4,"Bitcoin, Ethereum &amp; Ripple - American Wrap",http://techfans.co.uk/bitcoin-ethereum-ripple-american-wrap/?feed_id=153534&amp;_unique_id=5ec6e7f8a01be,tech_fans,1,2020-05-21 16:43:36,0,/r/news/comments/go4vn4/bitcoin_ethereum_ripple_american_wrap/,NaN
go4vno,"Bitcoin, Ethereum &amp; Ripple - American Wrap",http://techfans.co.uk/bitcoin-ethereum-ripple-american-wrap/?feed_id=153536&amp;_unique_id=5ec6e7f9a853b,08sc009,1,2020-05-21 16:43:38,0,/r/news/comments/go4vno/bitcoin_ethereum_ripple_american_wrap/,NaN
go8gsf,Ethereum is more Stable than Bitcoin,http://techfans.co.uk/ethereum-is-more-stable-than-bitcoin-2/?feed_id=154104&amp;_unique_id=5ec716abb44b9,tech_fans,1,2020-05-21 20:02:51,0,/r/news/comments/go8gsf/ethereum_is_more_stable_than_bitcoin/,NaN
go8gst,Ethereum is more Stable than Bitcoin,http://techfans.co.uk/ethereum-is-more-stable-than-bitcoin-2/?feed_id=154106&amp;_unique_id=5ec716ac9e6a4,08sc009,1,2020-05-21 20:02:52,0,/r/news/comments/go8gst/ethereum_is_more_stable_than_bitcoin/,NaN
gr5wwa,Ethereum vs. Bitcoin: Is One Cryptocurrency Better Than the Other?,https://techfans.co.uk/ethereum-vs-bitcoin-is-one-cryptocurrency-better-than-the-other/?feed_id=171052&amp;_unique_id=5ecd880116b9e,tech_fans,1,2020-05-26 17:20:01,0,/r/news/comments/gr5wwa/ethereum_vs_bitcoin_is_one_cryptocurrency_better/,NaN
gr5wwx,Ethereum vs. Bitcoin: Is One Cryptocurrency Better Than the Other?,https://techfans.co.uk/ethereum-vs-bitcoin-is-one-cryptocurrency-better-than-the-other/?feed_id=171054&amp;_unique_id=5ecd8802c68d9,08sc009,1,2020-05-26 17:20:02,0,/r/news/comments/gr5wwx/ethereum_vs_bitcoin_is_one_cryptocurrency_better/,NaN
grxn2t,Bitcoin Suisse: Users Can Now Trade Gold Against Bitcoin and Ethereum,https://techfans.co.uk/bitcoin-suisse-users-can-now-trade-gold-against-bitcoin-and-ethereum/?feed_id=177474&amp;_unique_id=5ecf21082ac80,tech_fans,1,2020-05-27 22:25:12,0,/r/news/comments/grxn2t/bitcoin_suisse_users_can_now_trade_gold_against/,NaN
grxn3d,Bitcoin Suisse: Users Can Now Trade Gold Against Bitcoin and Ethereum,https://techfans.co.uk/bitcoin-suisse-users-can-now-trade-gold-against-bitcoin-and-ethereum/?feed_id=177476&amp;_unique_id=5ecf210a417a7,08sc009,1,2020-05-27 22:25:14,0,/r/news/comments/grxn3d/bitcoin_suisse_users_can_now_trade_gold_against/,NaN
grzdk4,"Ren’s new network bridges Ethereum with Bitcoin, Bitcoin Cash, and Zcash",https://techfans.co.uk/rens-new-network-bridges-ethereum-with-bitcoin-bitcoin-cash-and-zcash/?feed_id=177702&amp;_unique_id=5ecf3d059e708,tech_fans,1,2020-05-28 00:24:37,0,/r/news/comments/grzdk4/rens_new_network_bridges_ethereum_with_bitcoin/,NaN
grzdkq,"Ren’s new network bridges Ethereum with Bitcoin, Bitcoin Cash, and Zcash",https://techfans.co.uk/rens-new-network-bridges-ethereum-with-bitcoin-bitcoin-cash-and-zcash/?feed_id=177704&amp;_unique_id=5ecf3d07c15c8,08sc009,1,2020-05-28 00:24:39,0,/r/news/comments/grzdkq/rens_new_network_bridges_ethereum_with_bitcoin/,NaN
gvogqc,"Cryptocurrencies Price Prediction: Bitcoin, Ethereum &amp; Ripple – American Wrap: 6/2/2020",https://techfans.co.uk/cryptocurrencies-price-prediction-bitcoin-ethereum-ripple-american-wrap-6-2-2020/?feed_id=201908&amp;_unique_id=5ed741659ad31,tech_fans,1,2020-06-03 02:21:26,0,/r/news/comments/gvogqc/cryptocurrencies_price_prediction_bitcoin/,NaN
gvogqr,"Cryptocurrencies Price Prediction: Bitcoin, Ethereum &amp; Ripple – American Wrap: 6/2/2020",https://techfans.co.uk/cryptocurrencies-price-prediction-bitcoin-ethereum-ripple-american-wrap-6-2-2020/?feed_id=201910&amp;_unique_id=5ed74167604e6,08sc009,1,2020-06-03 02:21:27,0,/r/news/comments/gvogqr/cryptocurrencies_price_prediction_bitcoin/,NaN
gwd8au,Ethereum Has Become Bitcoin's Top Off-Chain Destination,https://techfans.co.uk/ethereum-has-become-bitcoins-top-off-chain-destination/?feed_id=207513&amp;_unique_id=5ed8ad91b3352,tech_fans,1,2020-06-04 04:15:14,0,/r/news/comments/gwd8au/ethereum_has_become_bitcoins_top_offchain/,NaN
gwd8b4,Ethereum Has Become Bitcoin's Top Off-Chain Destination,https://techfans.co.uk/ethereum-has-become-bitcoins-top-off-chain-destination/?feed_id=207515&amp;_unique_id=5ed8ad9346148,08sc009,1,2020-06-04 04:15:15,0,/r/news/comments/gwd8b4/ethereum_has_become_bitcoins_top_offchain/,NaN
gwrb7s,"Bitcoin, Ethereum &amp; Litecoin - American Wrap 6/4",https://techfans.co.uk/bitcoin-ethereum-litecoin-american-wrap-6-4/?feed_id=210952&amp;_unique_id=5ed96f45d205c,tech_fans,1,2020-06-04 18:01:42,0,/r/news/comments/gwrb7s/bitcoin_ethereum_litecoin_american_wrap_64/,NaN
gwrb8m,"Bitcoin, Ethereum &amp; Litecoin - American Wrap 6/4",https://techfans.co.uk/bitcoin-ethereum-litecoin-american-wrap-6-4/?feed_id=210954&amp;_unique_id=5ed96f4785f35,08sc009,1,2020-06-04 18:01:43,0,/r/news/comments/gwrb8m/bitcoin_ethereum_litecoin_american_wrap_64/,NaN
gy9ufy,"Venture Capitalist Predicts Bitcoin Boom to $150,000, Says Ethereum and Four Altcoins Will Outperform BTC",https://techfans.co.uk/venture-capitalist-predicts-bitcoin-boom-to-150000-says-ethereum-and-four-altcoins-will-outperform-btc/?feed_id=219027&amp;_unique_id=5edcc0a3d6fc4,tech_fans,1,2020-06-07 06:25:40,0,/r/news/comments/gy9ufy/venture_capitalist_predicts_bitcoin_boom_to/,NaN
gy9uga,"Venture Capitalist Predicts Bitcoin Boom to $150,000, Says Ethereum and Four Altcoins Will Outperform BTC",https://techfans.co.uk/venture-capitalist-predicts-bitcoin-boom-to-150000-says-ethereum-and-four-altcoins-will-outperform-btc/?feed_id=219029&amp;_unique_id=5edcc0a4d7b6f,08sc009,1,2020-06-07 06:25:41,0,/r/news/comments/gy9uga/venture_capitalist_predicts_bitcoin_boom_to/,NaN
gytjnk,"Bitcoin Price To Hit $150,000; Ethereum At $9,000 In Next Bull Run, Blockfyre Founder Predicts",https://techfans.co.uk/bitcoin-price-to-hit-150000-ethereum-at-9000-in-next-bull-run-blockfyre-founder-predicts/?feed_id=220623&amp;_unique_id=5eddd7f02787a,tech_fans,1,2020-06-08 02:17:20,0,/r/news/comments/gytjnk/bitcoin_price_to_hit_150000_ethereum_at_9000_in/,NaN
gytjo4,"Bitcoin Price To Hit $150,000; Ethereum At $9,000 In Next Bull Run, Blockfyre Founder Predicts",https://techfans.co.uk/bitcoin-price-to-hit-150000-ethereum-at-9000-in-next-bull-run-blockfyre-founder-predicts/?feed_id=220625&amp;_unique_id=5eddd7f146e5b,08sc009,1,2020-06-08 02:17:21,0,/r/news/comments/gytjo4/bitcoin_price_to_hit_150000_ethereum_at_9000_in/,NaN
h177df,"Bitcoin, Ethereum &amp; WAX - American Wrap 6/11",https://techfans.co.uk/bitcoin-ethereum-wax-american-wrap-6-11/?feed_id=238217&amp;_unique_id=5ee292b8eeafa,tech_fans,1,2020-06-11 16:23:21,0,/r/news/comments/h177df/bitcoin_ethereum_wax_american_wrap_611/,NaN
h177du,"Bitcoin, Ethereum &amp; WAX - American Wrap 6/11",https://techfans.co.uk/bitcoin-ethereum-wax-american-wrap-6-11/?feed_id=238219&amp;_unique_id=5ee292baa1726,08sc009,1,2020-06-11 16:23:22,0,/r/news/comments/h177du/bitcoin_ethereum_wax_american_wrap_611/,NaN
h7e509,"Bitcoin, Ethereum &amp; WAX - American Wrap 6/11",https://techfans.co.uk/bitcoin-ethereum-wax-american-wrap-6-11-2/?feed_id=239661&amp;_unique_id=5ee3079e3e12c,tech_fans,1,2020-06-12 00:42:06,0,/r/news/comments/h7e509/bitcoin_ethereum_wax_american_wrap_611/,NaN
h7e50p,"Bitcoin, Ethereum &amp; WAX - American Wrap 6/11",https://techfans.co.uk/bitcoin-ethereum-wax-american-wrap-6-11-2/?feed_id=239663&amp;_unique_id=5ee3079f397e8,08sc009,1,2020-06-12 00:42:07,0,/r/news/comments/h7e50p/bitcoin_ethereum_wax_american_wrap_611/,NaN
h7i6bz,Why This Dev Built a ‘Centralized Ethereum’ on Top of Bitcoin’s Lightning Network - Yahoo Finance,https://techfans.co.uk/why-this-dev-built-a-centralized-ethereum-on-top-of-bitcoins-lightning-network-yahoo-finance/?feed_id=240516&amp;_unique_id=5ee357ccbfd47,tech_fans,1,2020-06-12 06:24:13,0,/r/news/comments/h7i6bz/why_this_dev_built_a_centralized_ethereum_on_top/,NaN
h7i6cf,Why This Dev Built a ‘Centralized Ethereum’ on Top of Bitcoin’s Lightning Network - Yahoo Finance,https://techfans.co.uk/why-this-dev-built-a-centralized-ethereum-on-top-of-bitcoins-lightning-network-yahoo-finance/?feed_id=240518&amp;_unique_id=5ee357ce38163,08sc009,1,2020-06-12 06:24:14,0,/r/news/comments/h7i6cf/why_this_dev_built_a_centralized_ethereum_on_top/,NaN
h94457,"Facebook's Libra Stablecoin Project, Ethereum (ETH), Near, Bitcoin Cash are Currently Most Active Development Projects: Report",https://techfans.co.uk/facebooks-libra-stablecoin-project-ethereum-eth-near-bitcoin-cash-are-currently-most-active-development-projects-report/?feed_id=246672&amp;_unique_id=5ee6b0672e7f8,tech_fans,1,2020-06-14 19:19:03,0,/r/news/comments/h94457/facebooks_libra_stablecoin_project_ethereum_eth/,NaN
h9445p,"Facebook's Libra Stablecoin Project, Ethereum (ETH), Near, Bitcoin Cash are Currently Most Active Development Projects: Report",https://techfans.co.uk/facebooks-libra-stablecoin-project-ethereum-eth-near-bitcoin-cash-are-currently-most-active-development-projects-report/?feed_id=246674&amp;_unique_id=5ee6b0685f4d2,08sc009,1,2020-06-14 19:19:04,0,/r/news/comments/h9445p/facebooks_libra_stablecoin_project_ethereum_eth/,NaN
h9f9z7,"First Mover: Cardano's No Ethereum Killer Yet, But It's Winning in Crypto Markets",http://bbccnnlife.com/2020/06/15/first-mover-cardanos-no-ethereum-killer-yet-but-its-winning-in-crypto-markets/?feed_id=36039&amp;_unique_id=5ee76814899f4,jelloooo2,1,2020-06-15 08:22:45,0,/r/news/comments/h9f9z7/first_mover_cardanos_no_ethereum_killer_yet_but/,NaN
hadu3a,"Cryptocurrencies Price Prediction: Bitcoin, Ethereum &amp; WaykiChain – American Wrap 6/16/2020",https://techfans.co.uk/cryptocurrencies-price-prediction-bitcoin-ethereum-waykichain-american-wrap-6-16-2020/?feed_id=255336&amp;_unique_id=5ee9411d78863,tech_fans,1,2020-06-16 18:01:01,0,/r/news/comments/hadu3a/cryptocurrencies_price_prediction_bitcoin/,NaN
hadu41,"Cryptocurrencies Price Prediction: Bitcoin, Ethereum &amp; WaykiChain – American Wrap 6/16/2020",https://techfans.co.uk/cryptocurrencies-price-prediction-bitcoin-ethereum-waykichain-american-wrap-6-16-2020/?feed_id=255338&amp;_unique_id=5ee9411f057a4,08sc009,1,2020-06-16 18:01:03,0,/r/news/comments/hadu41/cryptocurrencies_price_prediction_bitcoin/,NaN
hbhflq,Apple And Google Admit Ethereum App To Let Employees Prove They’ve Been Vaccinated,https://www.forbes.com/sites/michaeldelcastillo/2020/06/16/apple-and-google-admit-ethereum-app-to-let-employees-prove-theyve-been-vaccinated/,SillyCubensis,1,2020-06-18 12:02:50,0,/r/news/comments/hbhflq/apple_and_google_admit_ethereum_app_to_let/,NaN
hbmliu,"Bitcoin, Ethereum &amp; Litecoin - American Wrap 6/18",https://techfans.co.uk/bitcoin-ethereum-litecoin-american-wrap-6-18/?feed_id=264551&amp;_unique_id=5eebd1f35d2c6,tech_fans,1,2020-06-18 16:43:31,0,/r/news/comments/hbmliu/bitcoin_ethereum_litecoin_american_wrap_618/,NaN
hbmljg,"Bitcoin, Ethereum &amp; Litecoin - American Wrap 6/18",https://techfans.co.uk/bitcoin-ethereum-litecoin-american-wrap-6-18/?feed_id=264553&amp;_unique_id=5eebd1f45565b,08sc009,1,2020-06-18 16:43:32,0,/r/news/comments/hbmljg/bitcoin_ethereum_litecoin_american_wrap_618/,NaN
hen28s,"Cryptocurrencies Price Prediction: Bitcoin, Ethereum &amp; Zcash – American Wrap: 6/23/2020",https://techfans.co.uk/cryptocurrencies-price-prediction-bitcoin-ethereum-zcash-american-wrap-6-23-2020/?feed_id=282145&amp;_unique_id=5ef26f1456819,tech_fans,1,2020-06-23 17:07:32,0,/r/news/comments/hen28s/cryptocurrencies_price_prediction_bitcoin/,NaN
hen29d,"Cryptocurrencies Price Prediction: Bitcoin, Ethereum &amp; Zcash – American Wrap: 6/23/2020",https://techfans.co.uk/cryptocurrencies-price-prediction-bitcoin-ethereum-zcash-american-wrap-6-23-2020/?feed_id=282147&amp;_unique_id=5ef26f15701d6,08sc009,1,2020-06-23 17:07:33,0,/r/news/comments/hen29d/cryptocurrencies_price_prediction_bitcoin/,NaN
hg3npo,Bitcoin vs Ethereum • Which is Better? • Benzinga,https://techfans.co.uk/bitcoin-vs-ethereum-%e2%80%a2-which-is-better-%e2%80%a2-benzinga/?feed_id=292367&amp;_unique_id=5ef5ae7eafafa,tech_fans,1,2020-06-26 04:14:54,0,/r/news/comments/hg3npo/bitcoin_vs_ethereum_which_is_better_benzinga/,NaN
hg3npy,Bitcoin vs Ethereum • Which is Better? • Benzinga,https://techfans.co.uk/bitcoin-vs-ethereum-%e2%80%a2-which-is-better-%e2%80%a2-benzinga/?feed_id=292369&amp;_unique_id=5ef5ae80180ad,08sc009,1,2020-06-26 04:14:56,0,/r/news/comments/hg3npy/bitcoin_vs_ethereum_which_is_better_benzinga/,NaN
hhneub,Skeptics Concerned Plustoken Scammers Plan to Dump $187M Worth of Ethereum,https://techfans.co.uk/skeptics-concerned-plustoken-scammers-plan-to-dump-187m-worth-of-ethereum/?feed_id=298523&amp;_unique_id=5ef913249cfb0,tech_fans,1,2020-06-28 18:01:08,0,/r/news/comments/hhneub/skeptics_concerned_plustoken_scammers_plan_to/,NaN
hhneut,Skeptics Concerned Plustoken Scammers Plan to Dump $187M Worth of Ethereum,https://techfans.co.uk/skeptics-concerned-plustoken-scammers-plan-to-dump-187m-worth-of-ethereum/?feed_id=298525&amp;_unique_id=5ef9132609c31,08sc009,1,2020-06-28 18:01:10,0,/r/news/comments/hhneut/skeptics_concerned_plustoken_scammers_plan_to/,NaN
hl2yyy,Bitcoin Nazis; Ethereum Jews; Tron Japanese: Vitalik Buterin Explains,https://techfans.co.uk/bitcoin-nazis-ethereum-jews-tron-japanese-vitalik-buterin-explains/?feed_id=320183&amp;_unique_id=5f007de408691,tech_fans,1,2020-07-04 09:02:28,0,/r/news/comments/hl2yyy/bitcoin_nazis_ethereum_jews_tron_japanese_vitalik/,NaN
hl2yzm,Bitcoin Nazis; Ethereum Jews; Tron Japanese: Vitalik Buterin Explains,https://techfans.co.uk/bitcoin-nazis-ethereum-jews-tron-japanese-vitalik-buterin-explains/?feed_id=320185&amp;_unique_id=5f007de5c03ec,08sc009,1,2020-07-04 09:02:30,0,/r/news/comments/hl2yzm/bitcoin_nazis_ethereum_jews_tron_japanese_vitalik/,NaN
hlnu34,Bitcoin and Ethereum are not decentralized,https://techfans.co.uk/bitcoin-and-ethereum-are-not-decentralized/?feed_id=323888&amp;_unique_id=5f01e8c864871,tech_fans,1,2020-07-05 10:50:48,0,/r/news/comments/hlnu34/bitcoin_and_ethereum_are_not_decentralized/,NaN
hlnu3m,Bitcoin and Ethereum are not decentralized,https://techfans.co.uk/bitcoin-and-ethereum-are-not-decentralized/?feed_id=323890&amp;_unique_id=5f01e8c97c0d7,08sc009,1,2020-07-05 10:50:49,0,/r/news/comments/hlnu3m/bitcoin_and_ethereum_are_not_decentralized/,NaN
hlquio,"Amid COVID-19, U.S. Senate Talks Bitcoin, Ethereum, Stablecoins And Digital Dollars",https://techfans.co.uk/amid-covid-19-u-s-senate-talks-bitcoin-ethereum-stablecoins-and-digital-dollars/?feed_id=324363&amp;_unique_id=5f0213286ae3d,tech_fans,1,2020-07-05 13:51:36,1,/r/news/comments/hlquio/amid_covid19_us_senate_talks_bitcoin_ethereum/,NaN
hlquj8,"Amid COVID-19, U.S. Senate Talks Bitcoin, Ethereum, Stablecoins And Digital Dollars",https://techfans.co.uk/amid-covid-19-u-s-senate-talks-bitcoin-ethereum-stablecoins-and-digital-dollars/?feed_id=324365&amp;_unique_id=5f02132973c50,08sc009,1,2020-07-05 13:51:37,1,/r/news/comments/hlquj8/amid_covid19_us_senate_talks_bitcoin_ethereum/,NaN
hlx517,Earn Ethereum Daily. Earn 1 Ethereum Per Day. Forsage Smart Contract Ove...,https://www.youtube.com/watch?v=CU2c2rGDqDw&amp;feature=share,julioccp17,1,2020-07-05 20:01:31,0,/r/news/comments/hlx517/earn_ethereum_daily_earn_1_ethereum_per_day/,NaN
hmuamp,Lex Sokolin: Weed Out the Ponzi Scheme Eating Ethereum,http://www.bbccnnlife.com/2020/07/07/lex-sokolin-weed-out-the-ponzi-scheme-eating-ethereum/?feed_id=42615&amp;_unique_id=5f0474e5a2c26,jelloooo2,1,2020-07-07 09:13:11,0,/r/news/comments/hmuamp/lex_sokolin_weed_out_the_ponzi_scheme_eating/,NaN
hn9vjs,Bitcoin and Ethereum futures volume fell dramatically in June - The Block Crypto,https://techfans.co.uk/bitcoin-and-ethereum-futures-volume-fell-dramatically-in-june-the-block-crypto/?feed_id=334604&amp;_unique_id=5f0541d32c909,tech_fans,1,2020-07-07 23:47:31,0,/r/news/comments/hn9vjs/bitcoin_and_ethereum_futures_volume_fell/,NaN
hn9vk7,Bitcoin and Ethereum futures volume fell dramatically in June - The Block Crypto,https://techfans.co.uk/bitcoin-and-ethereum-futures-volume-fell-dramatically-in-june-the-block-crypto/?feed_id=334606&amp;_unique_id=5f0541d41f62d,08sc009,1,2020-07-07 23:47:32,0,/r/news/comments/hn9vk7/bitcoin_and_ethereum_futures_volume_fell/,NaN
hngupg,New Enterprise Ethereum Director Widens Tent to Include Exchanges and DeFi,https://www.bbccnnlife.com/2020/07/08/new-enterprise-ethereum-director-widens-tent-to-include-exchanges-and-defi/?feed_id=42915&amp;_unique_id=5f05c6dbb1aa1,jelloooo2,1,2020-07-08 09:15:07,0,/r/news/comments/hngupg/new_enterprise_ethereum_director_widens_tent_to/,NaN
hqxted,Ethereum Is Beating Bitcoin In More Ways Than One,https://techfans.co.uk/ethereum-is-beating-bitcoin-in-more-ways-than-one/?feed_id=353737&amp;_unique_id=5f0d6da983118,tech_fans,1,2020-07-14 04:32:41,0,/r/news/comments/hqxted/ethereum_is_beating_bitcoin_in_more_ways_than_one/,NaN
hqxtem,Ethereum Is Beating Bitcoin In More Ways Than One,https://techfans.co.uk/ethereum-is-beating-bitcoin-in-more-ways-than-one/?feed_id=353739&amp;_unique_id=5f0d6daa8cd6c,08sc009,1,2020-07-14 04:32:42,0,/r/news/comments/hqxtem/ethereum_is_beating_bitcoin_in_more_ways_than_one/,NaN
htyekw,'Wonder Woman' Illustrator and British Artist Terry Flaxton to Sell Ethereum-Backed Art,https://techfans.co.uk/wonder-woman-illustrator-and-british-artist-terry-flaxton-to-sell-ethereum-backed-art/?feed_id=372129&amp;_unique_id=5f14205398baa,tech_fans,1,2020-07-19 06:28:35,0,/r/news/comments/htyekw/wonder_woman_illustrator_and_british_artist_terry/,NaN
htyel3,'Wonder Woman' Illustrator and British Artist Terry Flaxton to Sell Ethereum-Backed Art,https://techfans.co.uk/wonder-woman-illustrator-and-british-artist-terry-flaxton-to-sell-ethereum-backed-art/?feed_id=372131&amp;_unique_id=5f142054bfbab,08sc009,1,2020-07-19 06:28:36,0,/r/news/comments/htyel3/wonder_woman_illustrator_and_british_artist_terry/,NaN
hufqy7,"Blockchain technology holds great potential to augment the security of any platform built on it. DAOZedXe, built on Ethereum blockchain, provides you a highly-secure crowdfunding platform to grow your funds.",https://cointelegraph.com/news/twitter-wouldnt-be-hacked-if-it-were-backed-by-blockchain-technology,[deleted],1,2020-07-20 01:35:14,0,/r/news/comments/hufqy7/blockchain_technology_holds_great_potential_to/,NaN
hv1ahu,Stablecoins help Ethereum pass Bitcoin in daily settlement value,https://techfans.co.uk/stablecoins-help-ethereum-pass-bitcoin-in-daily-settlement-value/?feed_id=377639&amp;_unique_id=5f1676dc615eb,tech_fans,1,2020-07-21 01:02:20,0,/r/news/comments/hv1ahu/stablecoins_help_ethereum_pass_bitcoin_in_daily/,NaN
hv1ai6,Stablecoins help Ethereum pass Bitcoin in daily settlement value,https://techfans.co.uk/stablecoins-help-ethereum-pass-bitcoin-in-daily-settlement-value/?feed_id=377641&amp;_unique_id=5f1676dd58a5b,08sc009,1,2020-07-21 01:02:21,0,/r/news/comments/hv1ai6/stablecoins_help_ethereum_pass_bitcoin_in_daily/,NaN
hwfxfu,"First Mover: Ethereum a Victim of Its Own Success as Fees Soar, Vitalik Complains",https://bbccnnlife.com/2020/07/23/first-mover-ethereum-a-victim-of-its-own-success-as-fees-soar-vitalik-complains/?feed_id=47403&amp;_unique_id=5f1994abea93f,jelloooo2,1,2020-07-23 09:46:20,0,/r/news/comments/hwfxfu/first_mover_ethereum_a_victim_of_its_own_success/,NaN
hy0agc,Ethereum Price Rally to $370 Depends on Bitcoin’s Upcoming Weekly Close,https://techfans.co.uk/ethereum-price-rally-to-370-depends-on-bitcoins-upcoming-weekly-close/?feed_id=394416&amp;_unique_id=5f1d005a3486f,tech_fans,1,2020-07-26 00:02:34,0,/r/news/comments/hy0agc/ethereum_price_rally_to_370_depends_on_bitcoins/,NaN
hy0agj,Ethereum Price Rally to $370 Depends on Bitcoin’s Upcoming Weekly Close,https://techfans.co.uk/ethereum-price-rally-to-370-depends-on-bitcoins-upcoming-weekly-close/?feed_id=394418&amp;_unique_id=5f1d005b418e5,08sc009,1,2020-07-26 00:02:35,0,/r/news/comments/hy0agj/ethereum_price_rally_to_370_depends_on_bitcoins/,NaN
hyizph,Exploring Decentraland: A Review of the Virtual World Built on Ethereum,https://techfans.co.uk/exploring-decentraland-a-review-of-the-virtual-world-built-on-ethereum/?feed_id=395879&amp;_unique_id=5f1e2d775f9e8,tech_fans,1,2020-07-26 21:27:19,0,/r/news/comments/hyizph/exploring_decentraland_a_review_of_the_virtual/,NaN
hyizpv,Exploring Decentraland: A Review of the Virtual World Built on Ethereum,https://techfans.co.uk/exploring-decentraland-a-review-of-the-virtual-world-built-on-ethereum/?feed_id=395881&amp;_unique_id=5f1e2d78a0c91,08sc009,1,2020-07-26 21:27:21,0,/r/news/comments/hyizpv/exploring_decentraland_a_review_of_the_virtual/,NaN
hyprs2,"VISA to offer Bitcoin, Ethereum, and Ripple payments",https://techfans.co.uk/visa-to-offer-bitcoin-ethereum-and-ripple-payments/?feed_id=396544&amp;_unique_id=5f1eab6660107,tech_fans,1,2020-07-27 06:24:38,0,/r/news/comments/hyprs2/visa_to_offer_bitcoin_ethereum_and_ripple_payments/,NaN
hyprsj,"VISA to offer Bitcoin, Ethereum, and Ripple payments",https://techfans.co.uk/visa-to-offer-bitcoin-ethereum-and-ripple-payments/?feed_id=396546&amp;_unique_id=5f1eab6774a31,08sc009,1,2020-07-27 06:24:39,0,/r/news/comments/hyprsj/visa_to_offer_bitcoin_ethereum_and_ripple_payments/,NaN
hz5sjj,"CoinDesk Live Recap: Ethereum Culture, Explained",https://www.bbccnnlife.com/2020/07/28/coindesk-live-recap-ethereum-culture-explained/?feed_id=48759&amp;_unique_id=5f1f857bb91b7,jelloooo2,1,2020-07-27 21:55:08,0,/r/news/comments/hz5sjj/coindesk_live_recap_ethereum_culture_explained/,NaN
hzu535,"Ethereum Price Creates GPU Shortage, Some Manufacturers Blame Nvidia",https://techfans.co.uk/ethereum-price-creates-gpu-shortage-some-manufacturers-blame-nvidia/?feed_id=405132&amp;_unique_id=5f20fae50ce71,tech_fans,1,2020-07-29 00:28:21,0,/r/news/comments/hzu535/ethereum_price_creates_gpu_shortage_some/,NaN
hzu53g,"Ethereum Price Creates GPU Shortage, Some Manufacturers Blame Nvidia",https://techfans.co.uk/ethereum-price-creates-gpu-shortage-some-manufacturers-blame-nvidia/?feed_id=405134&amp;_unique_id=5f20fae67e2b2,08sc009,1,2020-07-29 00:28:22,0,/r/news/comments/hzu53g/ethereum_price_creates_gpu_shortage_some/,NaN
i180kt,"Ethereum 2.0: Closer Than Ever, Still Plenty of Work to Do",https://bbccnnlife.com/2020/07/31/ethereum-2-0-closer-than-ever-still-plenty-of-work-to-do/?feed_id=49791&amp;_unique_id=5f24245d2760b,jelloooo2,1,2020-07-31 10:02:05,0,/r/news/comments/i180kt/ethereum_20_closer_than_ever_still_plenty_of_work/,NaN
i1oe8y,"Blockchain Web Development on Ethereum Hello! Welcome to the Complete Blockchain Web Application Development course, the solely course that you must construct decentralized net purposes. While",https://udemycouponfree.com/blockchain-web-development-on-ethereum-2020/,udemycouponfree9999,1,2020-08-01 03:38:11,0,/r/news/comments/i1oe8y/blockchain_web_development_on_ethereum_hello/,NaN
i1spfo,"Five Years In, DeFi Now Defines Ethereum",https://bbccnnlife.com/2020/08/01/five-years-in-defi-now-defines-ethereum/?feed_id=50091&amp;_unique_id=5f25765c2e343,jelloooo2,1,2020-08-01 10:04:12,0,/r/news/comments/i1spfo/five_years_in_defi_now_defines_ethereum/,NaN
i1uce7,"Nearly $100 Million in Bitcoin Moved to Ethereum in July, Led by Retail Traders - CoinDesk - CoinDesk",https://techfans.co.uk/nearly-100-million-in-bitcoin-moved-to-ethereum-in-july-led-by-retail-traders-coindesk-coindesk/?feed_id=417558&amp;_unique_id=5f258f011b25d,tech_fans,1,2020-08-01 11:49:21,0,/r/news/comments/i1uce7/nearly_100_million_in_bitcoin_moved_to_ethereum/,NaN
i1ucep,"Nearly $100 Million in Bitcoin Moved to Ethereum in July, Led by Retail Traders - CoinDesk - CoinDesk",https://techfans.co.uk/nearly-100-million-in-bitcoin-moved-to-ethereum-in-july-led-by-retail-traders-coindesk-coindesk/?feed_id=417558&amp;_unique_id=5f258f024b58a,tech_fans,1,2020-08-01 11:49:22,0,/r/news/comments/i1ucep/nearly_100_million_in_bitcoin_moved_to_ethereum/,NaN
i20pc4,Single Miner Reorgs Ethereum Classic - Devs Report a Chain Split,https://techfans.co.uk/single-miner-reorgs-ethereum-classic-devs-report-a-chain-split/?feed_id=418109&amp;_unique_id=5f25e5b80cd14,tech_fans,1,2020-08-01 17:59:20,0,/r/news/comments/i20pc4/single_miner_reorgs_ethereum_classic_devs_report/,NaN
i20pcm,Single Miner Reorgs Ethereum Classic - Devs Report a Chain Split,https://techfans.co.uk/single-miner-reorgs-ethereum-classic-devs-report-a-chain-split/?feed_id=418111&amp;_unique_id=5f25e5b927785,08sc009,1,2020-08-01 17:59:21,0,/r/news/comments/i20pcm/single_miner_reorgs_ethereum_classic_devs_report/,NaN
i272xq,Bitcoin and Ethereum crash by more than 12% in 6 minutes as more than $1B of positions gets liquidated,https://techfans.co.uk/bitcoin-and-ethereum-crash-by-more-than-12-in-6-minutes-as-more-than-1b-of-positions-gets-liquidated/?feed_id=418527&amp;_unique_id=5f2651d98050c,tech_fans,1,2020-08-02 01:40:42,0,/r/news/comments/i272xq/bitcoin_and_ethereum_crash_by_more_than_12_in_6/,NaN
i272yf,Bitcoin and Ethereum crash by more than 12% in 6 minutes as more than $1B of positions gets liquidated,https://techfans.co.uk/bitcoin-and-ethereum-crash-by-more-than-12-in-6-minutes-as-more-than-1b-of-positions-gets-liquidated/?feed_id=418529&amp;_unique_id=5f2651dbece25,08sc009,1,2020-08-02 01:40:44,0,/r/news/comments/i272yf/bitcoin_and_ethereum_crash_by_more_than_12_in_6/,NaN
i29blu,Bitcoin and Ethereum crash by more than 12% in 6 minutes as more than $1B of positions gets liquidated,https://techfans.co.uk/bitcoin-and-ethereum-crash-by-more-than-12-in-6-minutes-as-more-than-1b-of-positions-gets-liquidated-2/?feed_id=418698&amp;_unique_id=5f26860536e7c,tech_fans,1,2020-08-02 05:23:17,0,/r/news/comments/i29blu/bitcoin_and_ethereum_crash_by_more_than_12_in_6/,NaN
i29bm5,Bitcoin and Ethereum crash by more than 12% in 6 minutes as more than $1B of positions gets liquidated,https://techfans.co.uk/bitcoin-and-ethereum-crash-by-more-than-12-in-6-minutes-as-more-than-1b-of-positions-gets-liquidated-2/?feed_id=418700&amp;_unique_id=5f26860641980,08sc009,1,2020-08-02 05:23:18,0,/r/news/comments/i29bm5/bitcoin_and_ethereum_crash_by_more_than_12_in_6/,NaN
i29wb6,Bitcoin and Ethereum crash by more than 12% in 6 minutes as more than $1B of positions gets liquidated - The Block Crypto,https://techfans.co.uk/bitcoin-and-ethereum-crash-by-more-than-12-in-6-minutes-as-more-than-1b-of-positions-gets-liquidated-the-block-crypto/?feed_id=418812&amp;_unique_id=5f2693e9dc10a,tech_fans,1,2020-08-02 06:22:34,0,/r/news/comments/i29wb6/bitcoin_and_ethereum_crash_by_more_than_12_in_6/,NaN
i29wbf,Bitcoin and Ethereum crash by more than 12% in 6 minutes as more than $1B of positions gets liquidated - The Block Crypto,https://techfans.co.uk/bitcoin-and-ethereum-crash-by-more-than-12-in-6-minutes-as-more-than-1b-of-positions-gets-liquidated-the-block-crypto/?feed_id=418814&amp;_unique_id=5f2693eab8342,08sc009,1,2020-08-02 06:22:34,0,/r/news/comments/i29wbf/bitcoin_and_ethereum_crash_by_more_than_12_in_6/,NaN
i2vbu1,Bitcoin increasingly ‘locked up’ in Ethereum blockchain,https://techfans.co.uk/bitcoin-increasingly-locked-up-in-ethereum-blockchain/?feed_id=420883&amp;_unique_id=5f27f4679c46f,tech_fans,1,2020-08-03 07:26:31,0,/r/news/comments/i2vbu1/bitcoin_increasingly_locked_up_in_ethereum/,NaN
i2vbul,Bitcoin increasingly ‘locked up’ in Ethereum blockchain,https://techfans.co.uk/bitcoin-increasingly-locked-up-in-ethereum-blockchain/?feed_id=420885&amp;_unique_id=5f27f46892bd2,08sc009,1,2020-08-03 07:26:32,0,/r/news/comments/i2vbul/bitcoin_increasingly_locked_up_in_ethereum/,NaN
i3xoke,‘Ethereum Cypherpunk’ Virgil Griffith Vs. ‘Bitcoin Twitter Thief’ Graham Clark,https://techfans.co.uk/ethereum-cypherpunk-virgil-griffith-vs-bitcoin-twitter-thief-graham-clark/?feed_id=427951&amp;_unique_id=5f2a2322c6379,tech_fans,1,2020-08-04 23:10:26,0,/r/news/comments/i3xoke/ethereum_cypherpunk_virgil_griffith_vs_bitcoin/,NaN
i3xoks,‘Ethereum Cypherpunk’ Virgil Griffith Vs. ‘Bitcoin Twitter Thief’ Graham Clark,https://techfans.co.uk/ethereum-cypherpunk-virgil-griffith-vs-bitcoin-twitter-thief-graham-clark/?feed_id=427953&amp;_unique_id=5f2a2323b482a,08sc009,1,2020-08-04 23:10:27,0,/r/news/comments/i3xoks/ethereum_cypherpunk_virgil_griffith_vs_bitcoin/,NaN
i4ncmp,Crypto Corner: Bitcoin price surges; Ethereum casinos hit the gas,https://techfans.co.uk/crypto-corner-bitcoin-price-surges-ethereum-casinos-hit-the-gas/?feed_id=432720&amp;_unique_id=5f2bb1faeda9c,tech_fans,1,2020-08-06 03:32:11,0,/r/news/comments/i4ncmp/crypto_corner_bitcoin_price_surges_ethereum/,NaN
i4ncn3,Crypto Corner: Bitcoin price surges; Ethereum casinos hit the gas,https://techfans.co.uk/crypto-corner-bitcoin-price-surges-ethereum-casinos-hit-the-gas/?feed_id=432722&amp;_unique_id=5f2bb1fc39e3b,08sc009,1,2020-08-06 03:32:12,0,/r/news/comments/i4ncn3/crypto_corner_bitcoin_price_surges_ethereum/,NaN
i6w3y2,Bitcoin Halving and Ethereum 2.0 Bring Big Changes for Crypto Miners,https://techfans.co.uk/bitcoin-halving-and-ethereum-2-0-bring-big-changes-for-crypto-miners/?feed_id=443702&amp;_unique_id=5f30ab86d8271,tech_fans,1,2020-08-09 22:05:59,0,/r/news/comments/i6w3y2/bitcoin_halving_and_ethereum_20_bring_big_changes/,NaN
i6w3yg,Bitcoin Halving and Ethereum 2.0 Bring Big Changes for Crypto Miners,https://techfans.co.uk/bitcoin-halving-and-ethereum-2-0-bring-big-changes-for-crypto-miners/?feed_id=443704&amp;_unique_id=5f30ab87da45b,08sc009,1,2020-08-09 22:06:00,0,/r/news/comments/i6w3yg/bitcoin_halving_and_ethereum_20_bring_big_changes/,NaN
i7g86u,"Analyst picks top-5 altcoins, predicts correction for Ethereum and Bitcoin",https://techfans.co.uk/analyst-picks-top-5-altcoins-predicts-correction-for-ethereum-and-bitcoin/?feed_id=447426&amp;_unique_id=5f31d6c86d503,tech_fans,1,2020-08-10 19:22:48,0,/r/news/comments/i7g86u/analyst_picks_top5_altcoins_predicts_correction/,NaN
i7g875,"Analyst picks top-5 altcoins, predicts correction for Ethereum and Bitcoin",https://techfans.co.uk/analyst-picks-top-5-altcoins-predicts-correction-for-ethereum-and-bitcoin/?feed_id=447428&amp;_unique_id=5f31d6c99bee8,08sc009,1,2020-08-10 19:22:49,0,/r/news/comments/i7g875/analyst_picks_top5_altcoins_predicts_correction/,NaN
i7o2au,Bitcoin and Ethereum Roar Higher as Ethereum Classic Suffers Attacks,https://techfans.co.uk/bitcoin-and-ethereum-roar-higher-as-ethereum-classic-suffers-attacks/?feed_id=448319&amp;_unique_id=5f32579f5d603,tech_fans,1,2020-08-11 04:32:31,0,/r/news/comments/i7o2au/bitcoin_and_ethereum_roar_higher_as_ethereum/,NaN
i7o2av,Bitcoin and Ethereum Roar Higher as Ethereum Classic Suffers Attacks,https://techfans.co.uk/bitcoin-and-ethereum-roar-higher-as-ethereum-classic-suffers-attacks/?feed_id=448319&amp;_unique_id=5f32579f5fce3,tech_fans,1,2020-08-11 04:32:31,0,/r/news/comments/i7o2av/bitcoin_and_ethereum_roar_higher_as_ethereum/,NaN
i7o2b3,Bitcoin and Ethereum Roar Higher as Ethereum Classic Suffers Attacks,https://techfans.co.uk/bitcoin-and-ethereum-roar-higher-as-ethereum-classic-suffers-attacks/?feed_id=448321&amp;_unique_id=5f3257a04efd0,08sc009,1,2020-08-11 04:32:32,0,/r/news/comments/i7o2b3/bitcoin_and_ethereum_roar_higher_as_ethereum/,NaN
i7o2b6,Bitcoin and Ethereum Roar Higher as Ethereum Classic Suffers Attacks,https://techfans.co.uk/bitcoin-and-ethereum-roar-higher-as-ethereum-classic-suffers-attacks/?feed_id=448321&amp;_unique_id=5f3257a07002c,08sc009,1,2020-08-11 04:32:32,0,/r/news/comments/i7o2b6/bitcoin_and_ethereum_roar_higher_as_ethereum/,NaN
i7x4jr,How to Write Your First Ethereum Smart Contract Smart contracts are integral in the func...,https://www.awaysomearticle.com/how-to-write-your-first-ethereum-smart-contract/?feed_id=10544&amp;_unique_id=5f32e2f87bd5c,awaysomearticle,1,2020-08-11 14:27:04,0,/r/news/comments/i7x4jr/how_to_write_your_first_ethereum_smart_contract/,NaN
i8rmim,Decentralized Finance Frenzy Drives Ethereum Transaction Fees to All-Time Highs,https://bbccnnlife.com/2020/08/13/decentralized-finance-frenzy-drives-ethereum-transaction-fees-to-all-time-highs/?feed_id=53547&amp;_unique_id=5f34a505d3ff3,jelloooo2,1,2020-08-12 22:27:18,0,/r/news/comments/i8rmim/decentralized_finance_frenzy_drives_ethereum/,NaN
i9iamz,"Bitcoin, Ethereum &amp; Chainlink - American Wrap 8/13",https://techfans.co.uk/bitcoin-ethereum-chainlink-american-wrap-8-13/?feed_id=460726&amp;_unique_id=5f364c950d104,tech_fans,1,2020-08-14 04:34:29,0,/r/news/comments/i9iamz/bitcoin_ethereum_chainlink_american_wrap_813/,NaN
i9ian6,"Bitcoin, Ethereum &amp; Chainlink - American Wrap 8/13",https://techfans.co.uk/bitcoin-ethereum-chainlink-american-wrap-8-13/?feed_id=460728&amp;_unique_id=5f364c95e29de,08sc009,1,2020-08-14 04:34:30,0,/r/news/comments/i9ian6/bitcoin_ethereum_chainlink_american_wrap_813/,NaN
i9wqy3,"Ethereum, Bitcoin locked in DeFi rockets past $5 billion",https://techfans.co.uk/ethereum-bitcoin-locked-in-defi-rockets-past-5-billion/?feed_id=463386&amp;_unique_id=5f371d22a931b,tech_fans,1,2020-08-14 19:24:18,0,/r/news/comments/i9wqy3/ethereum_bitcoin_locked_in_defi_rockets_past_5/,NaN
i9wqyj,"Ethereum, Bitcoin locked in DeFi rockets past $5 billion",https://techfans.co.uk/ethereum-bitcoin-locked-in-defi-rockets-past-5-billion/?feed_id=463388&amp;_unique_id=5f371d242579a,08sc009,1,2020-08-14 19:24:20,0,/r/news/comments/i9wqyj/ethereum_bitcoin_locked_in_defi_rockets_past_5/,NaN
iaoptx,"Top Trader Analyzes Odds of Ethereum and XRP Moonshots, Says Bitcoin and Four Altcoins Heating Up",https://techfans.co.uk/top-trader-analyzes-odds-of-ethereum-and-xrp-moonshots-says-bitcoin-and-four-altcoins-heating-up/?feed_id=466312&amp;_unique_id=5f38e9f69e811,tech_fans,1,2020-08-16 04:10:30,0,/r/news/comments/iaoptx/top_trader_analyzes_odds_of_ethereum_and_xrp/,NaN
iaopu6,"Top Trader Analyzes Odds of Ethereum and XRP Moonshots, Says Bitcoin and Four Altcoins Heating Up",https://techfans.co.uk/top-trader-analyzes-odds-of-ethereum-and-xrp-moonshots-says-bitcoin-and-four-altcoins-heating-up/?feed_id=466314&amp;_unique_id=5f38e9f78d1e5,08sc009,1,2020-08-16 04:10:31,0,/r/news/comments/iaopu6/top_trader_analyzes_odds_of_ethereum_and_xrp/,NaN
ib2eh2,Bitcoin on Ethereum Heats Up,https://techfans.co.uk/bitcoin-on-ethereum-heats-up/?feed_id=467756&amp;_unique_id=5f39ba13ddf83,tech_fans,1,2020-08-16 18:58:28,0,/r/news/comments/ib2eh2/bitcoin_on_ethereum_heats_up/,NaN
ib2ehg,Bitcoin on Ethereum Heats Up,https://techfans.co.uk/bitcoin-on-ethereum-heats-up/?feed_id=467758&amp;_unique_id=5f39ba14d03ca,08sc009,1,2020-08-16 18:58:28,0,/r/news/comments/ib2ehg/bitcoin_on_ethereum_heats_up/,NaN
ibn7xv,Bitcoin Investors Swap for Ethereum ‘Wrapped BTC’ to Yield Farm and Chill,https://techfans.co.uk/bitcoin-investors-swap-for-ethereum-wrapped-btc-to-yield-farm-and-chill/?feed_id=471309&amp;_unique_id=5f3af4b34d362,tech_fans,1,2020-08-17 17:20:51,0,/r/news/comments/ibn7xv/bitcoin_investors_swap_for_ethereum_wrapped_btc/,NaN
ibn7yc,Bitcoin Investors Swap for Ethereum ‘Wrapped BTC’ to Yield Farm and Chill,https://techfans.co.uk/bitcoin-investors-swap-for-ethereum-wrapped-btc-to-yield-farm-and-chill/?feed_id=471311&amp;_unique_id=5f3af4b42adf2,08sc009,1,2020-08-17 17:20:52,0,/r/news/comments/ibn7yc/bitcoin_investors_swap_for_ethereum_wrapped_btc/,NaN
ic3lbm,"According to Forbes, This Forsage Opportunity Will Pump Unlimited Ethereum Income Into Your Bank Account",https://newspotng.com/according-to-forbes-this-forsage-opportunity-will-pump-unlimited-ethereum-income-into-your-bank-account/?feed_id=31760&amp;_unique_id=5f3bf9400e247,First-Situation-1384,1,2020-08-18 11:52:32,0,/r/news/comments/ic3lbm/according_to_forbes_this_forsage_opportunity_will/,NaN
ie0n1l,"Bitcoin, Ethereum Hit Milestone Levels",https://techfans.co.uk/bitcoin-ethereum-hit-milestone-levels/?feed_id=486756&amp;_unique_id=5f3ffdffdae7c,tech_fans,1,2020-08-21 13:01:52,0,/r/news/comments/ie0n1l/bitcoin_ethereum_hit_milestone_levels/,NaN
ie0n31,"Bitcoin, Ethereum Hit Milestone Levels",https://techfans.co.uk/bitcoin-ethereum-hit-milestone-levels/?feed_id=486758&amp;_unique_id=5f3ffe024ce22,08sc009,1,2020-08-21 13:01:55,0,/r/news/comments/ie0n31/bitcoin_ethereum_hit_milestone_levels/,NaN
ig6skc,Market Wrap: Bitcoin Hits $11.8K; Ethereum Gas at All-Time High,https://techfans.co.uk/market-wrap-bitcoin-hits-11-8k-ethereum-gas-at-all-time-high/?feed_id=495705&amp;_unique_id=5f44af36a9a6c,tech_fans,1,2020-08-25 02:27:02,0,/r/news/comments/ig6skc/market_wrap_bitcoin_hits_118k_ethereum_gas_at/,NaN
ig6skl,Market Wrap: Bitcoin Hits $11.8K; Ethereum Gas at All-Time High,https://techfans.co.uk/market-wrap-bitcoin-hits-11-8k-ethereum-gas-at-all-time-high/?feed_id=495707&amp;_unique_id=5f44af37d8216,08sc009,1,2020-08-25 02:27:04,0,/r/news/comments/ig6skl/market_wrap_bitcoin_hits_118k_ethereum_gas_at/,NaN
ihvyp8,Market Wrap: Bitcoin’s Powell-Induced Price Swing; Ethereum Still High on Gas,https://techfans.co.uk/market-wrap-bitcoins-powell-induced-price-swing-ethereum-still-high-on-gas/?feed_id=506687&amp;_unique_id=5f48401496186,tech_fans,1,2020-08-27 19:21:56,0,/r/news/comments/ihvyp8/market_wrap_bitcoins_powellinduced_price_swing/,NaN
ihvypo,Market Wrap: Bitcoin’s Powell-Induced Price Swing; Ethereum Still High on Gas,https://techfans.co.uk/market-wrap-bitcoins-powell-induced-price-swing-ethereum-still-high-on-gas/?feed_id=506689&amp;_unique_id=5f484015bbcc6,08sc009,1,2020-08-27 19:21:57,0,/r/news/comments/ihvypo/market_wrap_bitcoins_powellinduced_price_swing/,NaN
ihy8rt,"Bitcoin, Ethereum &amp; Ripple - American Wrap 8/27",https://techfans.co.uk/bitcoin-ethereum-ripple-american-wrap-8-27/?feed_id=506953&amp;_unique_id=5f486242d4146,tech_fans,1,2020-08-27 21:47:47,0,/r/news/comments/ihy8rt/bitcoin_ethereum_ripple_american_wrap_827/,NaN
ihy8s6,"Bitcoin, Ethereum &amp; Ripple - American Wrap 8/27",https://techfans.co.uk/bitcoin-ethereum-ripple-american-wrap-8-27/?feed_id=506955&amp;_unique_id=5f48624402d38,08sc009,1,2020-08-27 21:47:48,0,/r/news/comments/ihy8s6/bitcoin_ethereum_ripple_american_wrap_827/,NaN
ii3chk,Over $1 Billion Ethereum-Based Tokens Vulnerable to 'Fake Deposit Exploit',https://techfans.co.uk/over-1-billion-ethereum-based-tokens-vulnerable-to-fake-deposit-exploit/?feed_id=507447&amp;_unique_id=5f48c0235e4f3,tech_fans,1,2020-08-28 04:28:19,0,/r/news/comments/ii3chk/over_1_billion_ethereumbased_tokens_vulnerable_to/,NaN
iinctv,Ethereum Is a Dark Forest,https://yakanak.tumblr.com/post/627759693241139200/ethereum-is-a-dark-forest#_=_,121kiwi,1,2020-08-29 01:55:15,0,/r/news/comments/iinctv/ethereum_is_a_dark_forest/,NaN
iisqqq,"How to Buy Bitcoin for $150, Ethereum for $15",https://techfans.co.uk/how-to-buy-bitcoin-for-150-ethereum-for-15/?feed_id=511494&amp;_unique_id=5f4a5deda337e,tech_fans,1,2020-08-29 09:53:49,0,/r/news/comments/iisqqq/how_to_buy_bitcoin_for_150_ethereum_for_15/,NaN
ij5lu9,Ethereum Classic Hit by Third 51% Attack in a Month,https://bbccnnlife.com/2020/08/30/ethereum-classic-hit-by-third-51-attack-in-a-month/?feed_id=58587&amp;_unique_id=5f4b1670ef6b4,jelloooo2,1,2020-08-29 23:01:05,0,/r/news/comments/ij5lu9/ethereum_classic_hit_by_third_51_attack_in_a_month/,NaN
ijfrix,Ethereum Classic Suffers 51% Attack Again: Delisting Risk Amplified,https://techfans.co.uk/ethereum-classic-suffers-51-attack-again-delisting-risk-amplified/?feed_id=513299&amp;_unique_id=5f4bd73ca552d,tech_fans,1,2020-08-30 12:43:40,0,/r/news/comments/ijfrix/ethereum_classic_suffers_51_attack_again/,NaN
ijfrje,Ethereum Classic Suffers 51% Attack Again: Delisting Risk Amplified,https://techfans.co.uk/ethereum-classic-suffers-51-attack-again-delisting-risk-amplified/?feed_id=513301&amp;_unique_id=5f4bd73da6f86,08sc009,1,2020-08-30 12:43:41,0,/r/news/comments/ijfrje/ethereum_classic_suffers_51_attack_again/,NaN
ijpujd,"Bitcoin and Ethereum Weekly Technical Analysis – August 31st, 2020",https://techfans.co.uk/bitcoin-and-ethereum-weekly-technical-analysis-august-31st-2020/?feed_id=513888&amp;_unique_id=5f4c615f6243a,tech_fans,1,2020-08-30 22:33:03,0,/r/news/comments/ijpujd/bitcoin_and_ethereum_weekly_technical_analysis/,NaN
ijpuju,"Bitcoin and Ethereum Weekly Technical Analysis – August 31st, 2020",https://techfans.co.uk/bitcoin-and-ethereum-weekly-technical-analysis-august-31st-2020/?feed_id=513890&amp;_unique_id=5f4c61607f53f,08sc009,1,2020-08-30 22:33:04,0,/r/news/comments/ijpuju/bitcoin_and_ethereum_weekly_technical_analysis/,NaN
ijtcea,"Bitcoin and Ethereum Weekly Technical Analysis – August 31st, 2020",https://techfans.co.uk/bitcoin-and-ethereum-weekly-technical-analysis-august-31st-2020-2/?feed_id=514116&amp;_unique_id=5f4ca0a2244e2,tech_fans,1,2020-08-31 03:02:58,0,/r/news/comments/ijtcea/bitcoin_and_ethereum_weekly_technical_analysis/,NaN
ijtcej,"Bitcoin and Ethereum Weekly Technical Analysis – August 31st, 2020",https://techfans.co.uk/bitcoin-and-ethereum-weekly-technical-analysis-august-31st-2020-2/?feed_id=514118&amp;_unique_id=5f4ca0a31798d,08sc009,1,2020-08-31 03:02:59,0,/r/news/comments/ijtcej/bitcoin_and_ethereum_weekly_technical_analysis/,NaN
ik0nrh,Is Ethereum Left and Bitcoin Right? – Cointelegraph Magazine,https://techfans.co.uk/is-ethereum-left-and-bitcoin-right-cointelegraph-magazine/?feed_id=515788&amp;_unique_id=5f4d1e84896c2,tech_fans,1,2020-08-31 12:00:04,0,/r/news/comments/ik0nrh/is_ethereum_left_and_bitcoin_right_cointelegraph/,NaN
ik0ns4,Is Ethereum Left and Bitcoin Right? – Cointelegraph Magazine,https://techfans.co.uk/is-ethereum-left-and-bitcoin-right-cointelegraph-magazine/?feed_id=515790&amp;_unique_id=5f4d1e858fe3f,08sc009,1,2020-08-31 12:00:05,0,/r/news/comments/ik0ns4/is_ethereum_left_and_bitcoin_right_cointelegraph/,NaN
ikjlvm,Huge Ethereum buy wall sends ETH to a 19-month high against Bitcoin,https://techfans.co.uk/huge-ethereum-buy-wall-sends-eth-to-a-19-month-high-against-bitcoin/?feed_id=518790&amp;_unique_id=5f4e42e535226,tech_fans,1,2020-09-01 08:47:33,0,/r/news/comments/ikjlvm/huge_ethereum_buy_wall_sends_eth_to_a_19month/,NaN
ikn1hq,Ethereum Soars 10% Overnight — Implications For Bitcoin,https://techfans.co.uk/ethereum-soars-10-overnight-implications-for-bitcoin/?feed_id=519607&amp;_unique_id=5f4e712882c96,tech_fans,1,2020-09-01 12:04:56,0,/r/news/comments/ikn1hq/ethereum_soars_10_overnight_implications_for/,NaN
iksk35,Two Biggest Threats To The Ongoing Bitcoin And Ethereum Rallies,https://techfans.co.uk/two-biggest-threats-to-the-ongoing-bitcoin-and-ethereum-rallies/?feed_id=520747&amp;_unique_id=5f4eb39998cdc,tech_fans,1,2020-09-01 16:48:25,0,/r/news/comments/iksk35/two_biggest_threats_to_the_ongoing_bitcoin_and/,NaN
iksk3q,Two Biggest Threats To The Ongoing Bitcoin And Ethereum Rallies,https://techfans.co.uk/two-biggest-threats-to-the-ongoing-bitcoin-and-ethereum-rallies/?feed_id=520749&amp;_unique_id=5f4eb39a9f4f8,08sc009,1,2020-09-01 16:48:26,0,/r/news/comments/iksk3q/two_biggest_threats_to_the_ongoing_bitcoin_and/,NaN
il1cu3,Vienna and Singapore stock exchanges embrace Bitcoin and Ethereum,https://techfans.co.uk/vienna-and-singapore-stock-exchanges-embrace-bitcoin-and-ethereum/?feed_id=521849&amp;_unique_id=5f4f355a44f78,tech_fans,1,2020-09-02 02:02:02,0,/r/news/comments/il1cu3/vienna_and_singapore_stock_exchanges_embrace/,NaN
il1cu9,Vienna and Singapore stock exchanges embrace Bitcoin and Ethereum,https://techfans.co.uk/vienna-and-singapore-stock-exchanges-embrace-bitcoin-and-ethereum/?feed_id=521851&amp;_unique_id=5f4f355b55e3e,08sc009,1,2020-09-02 02:02:03,0,/r/news/comments/il1cu9/vienna_and_singapore_stock_exchanges_embrace/,NaN
il1gzi,"SGX to launch bitcoin and ethereum indices with UK's CryptoCompare, Companies &amp; Markets News &amp; Top Stories",https://techfans.co.uk/sgx-to-launch-bitcoin-and-ethereum-indices-with-uks-cryptocompare-companies-markets-news-top-stories/?feed_id=521868&amp;_unique_id=5f4f378393d10,tech_fans,1,2020-09-02 02:11:15,0,/r/news/comments/il1gzi/sgx_to_launch_bitcoin_and_ethereum_indices_with/,NaN
il1gzs,"SGX to launch bitcoin and ethereum indices with UK's CryptoCompare, Companies &amp; Markets News &amp; Top Stories",https://techfans.co.uk/sgx-to-launch-bitcoin-and-ethereum-indices-with-uks-cryptocompare-companies-markets-news-top-stories/?feed_id=521870&amp;_unique_id=5f4f37848dfb2,08sc009,1,2020-09-02 02:11:16,0,/r/news/comments/il1gzs/sgx_to_launch_bitcoin_and_ethereum_indices_with/,NaN
il1oes,"Bitcoin again closes in on $12K, but Ethereum is the big crypto story (Cryptocurrency:ETH-USD)",https://techfans.co.uk/bitcoin-again-closes-in-on-12k-but-ethereum-is-the-big-crypto-story-cryptocurrencyeth-usd/?feed_id=521906&amp;_unique_id=5f4f3bbc67eb1,tech_fans,1,2020-09-02 02:29:16,0,/r/news/comments/il1oes/bitcoin_again_closes_in_on_12k_but_ethereum_is/,NaN
il1of5,"Bitcoin again closes in on $12K, but Ethereum is the big crypto story (Cryptocurrency:ETH-USD)",https://techfans.co.uk/bitcoin-again-closes-in-on-12k-but-ethereum-is-the-big-crypto-story-cryptocurrencyeth-usd/?feed_id=521908&amp;_unique_id=5f4f3bbd85495,08sc009,1,2020-09-02 02:29:17,0,/r/news/comments/il1of5/bitcoin_again_closes_in_on_12k_but_ethereum_is/,NaN
il699p,Ethereum GPU Mining Profitability Puts Eyes On Radeon RX 5700 Series,https://yakanak.tumblr.com/post/628147669037203456/ethereum-gpu-mining-profitability-puts-eyes-on#_=_,121kiwi,1,2020-09-02 08:55:33,0,/r/news/comments/il699p/ethereum_gpu_mining_profitability_puts_eyes_on/,NaN
imn9ba,BitOfHeaven Now Offers Best Rates on Bitcoin and Ethereum,https://techfans.co.uk/bitofheaven-now-offers-best-rates-on-bitcoin-and-ethereum/?feed_id=532679&amp;_unique_id=5f529e6034088,tech_fans,1,2020-09-04 16:06:56,0,/r/news/comments/imn9ba/bitofheaven_now_offers_best_rates_on_bitcoin_and/,NaN
imn9bs,BitOfHeaven Now Offers Best Rates on Bitcoin and Ethereum,https://techfans.co.uk/bitofheaven-now-offers-best-rates-on-bitcoin-and-ethereum/?feed_id=532681&amp;_unique_id=5f529e6158355,08sc009,1,2020-09-04 16:06:57,0,/r/news/comments/imn9bs/bitofheaven_now_offers_best_rates_on_bitcoin_and/,NaN
in2ruw,3 Things You Should Know Before Staking on Ethereum 2.0,https://www.bbccnnlife.com/2020/09/05/3-things-you-should-know-before-staking-on-ethereum-2-0/?feed_id=60495&amp;_unique_id=5f53ab3fd3dcf,jelloooo2,1,2020-09-05 11:14:08,0,/r/news/comments/in2ruw/3_things_you_should_know_before_staking_on/,NaN
io80yx,"Bitcoin and Ethereum price update for September 7, 2020",https://techfans.co.uk/bitcoin-and-ethereum-price-update-for-september-7-2020/?feed_id=537486&amp;_unique_id=5f563e6f9e44d,tech_fans,1,2020-09-07 10:06:39,0,/r/news/comments/io80yx/bitcoin_and_ethereum_price_update_for_september_7/,NaN
iok56a,$700 Million Worth of Synthetic Bitcoin Is Circulating on the Ethereum Blockchain,https://techfans.co.uk/700-million-worth-of-synthetic-bitcoin-is-circulating-on-the-ethereum-blockchain/?feed_id=539063&amp;_unique_id=5f56d95c44316,tech_fans,1,2020-09-07 21:07:40,0,/r/news/comments/iok56a/700_million_worth_of_synthetic_bitcoin_is/,NaN
iok56s,$700 Million Worth of Synthetic Bitcoin Is Circulating on the Ethereum Blockchain,https://techfans.co.uk/700-million-worth-of-synthetic-bitcoin-is-circulating-on-the-ethereum-blockchain/?feed_id=539065&amp;_unique_id=5f56d95dcda56,08sc009,1,2020-09-07 21:07:41,0,/r/news/comments/iok56s/700_million_worth_of_synthetic_bitcoin_is/,NaN
iorf02,The synthetic bitcoin market rises by 83% to hold over $700 million on the Ethereum blockchain,https://techfans.co.uk/the-synthetic-bitcoin-market-rises-by-83-to-hold-over-700-million-on-the-ethereum-blockchain/?feed_id=540108&amp;_unique_id=5f5761ff5c20a,tech_fans,1,2020-09-08 06:50:39,0,/r/news/comments/iorf02/the_synthetic_bitcoin_market_rises_by_83_to_hold/,NaN
iovh8a,Tokenized bitcoin now accounts for nearly 2.0% of Ethereum market cap,https://techfans.co.uk/tokenized-bitcoin-now-accounts-for-nearly-2-0-of-ethereum-market-cap/?feed_id=541229&amp;_unique_id=5f57a136319c5,tech_fans,1,2020-09-08 11:20:22,0,/r/news/comments/iovh8a/tokenized_bitcoin_now_accounts_for_nearly_20_of/,NaN
iovh8z,Tokenized bitcoin now accounts for nearly 2.0% of Ethereum market cap,https://techfans.co.uk/tokenized-bitcoin-now-accounts-for-nearly-2-0-of-ethereum-market-cap/?feed_id=541231&amp;_unique_id=5f57a1374b5f0,08sc009,1,2020-09-08 11:20:23,0,/r/news/comments/iovh8z/tokenized_bitcoin_now_accounts_for_nearly_20_of/,NaN
ipa68w,#ashtonkutcher #BillGates #bitcoin #blockchain #cryptocurrency #cryptocurrencybitcoin #cryptopia #ElonMusk #Ethereum #FloydMayweather #KanyeWest #LionelMessi #MikeTyson #SerenaWilliams #SnoopDogg #wirex,https://globaliptrust.com/?p=12298,globaliptrust,1,2020-09-09 01:33:34,0,/r/news/comments/ipa68w/ashtonkutcher_billgates_bitcoin_blockchain/,NaN
ipa698,#bitcoins #blockchain #cryptocurrency #digitalcurrency #Ethereum #minepi #mining #Pi #Picoin #PiNetwork #Pinetworkvalue,https://globaliptrust.com/the-rising-value-of-pi-network/,globaliptrust,1,2020-09-09 01:33:35,0,/r/news/comments/ipa698/bitcoins_blockchain_cryptocurrency/,NaN
ipg3g5,Bitcoin Acts Like a Tech Stock and Ethereum Classic Traders Shrug Off 51% Attacks,https://techfans.co.uk/bitcoin-acts-like-a-tech-stock-and-ethereum-classic-traders-shrug-off-51-attacks/?feed_id=545580&amp;_unique_id=5f58dba2d38ac,tech_fans,1,2020-09-09 09:41:55,0,/r/news/comments/ipg3g5/bitcoin_acts_like_a_tech_stock_and_ethereum/,NaN
ipg3gi,Bitcoin Acts Like a Tech Stock and Ethereum Classic Traders Shrug Off 51% Attacks,https://techfans.co.uk/bitcoin-acts-like-a-tech-stock-and-ethereum-classic-traders-shrug-off-51-attacks/?feed_id=545582&amp;_unique_id=5f58dba3d88fa,08sc009,1,2020-09-09 09:41:56,0,/r/news/comments/ipg3gi/bitcoin_acts_like_a_tech_stock_and_ethereum/,NaN
ipg946,Bitcoin Acts Like a Tech Stock and Ethereum Classic Traders Shrug Off 51% Attacks,https://techfans.co.uk/bitcoin-acts-like-a-tech-stock-and-ethereum-classic-traders-shrug-off-51-attacks-2/?feed_id=545599&amp;_unique_id=5f58ddd772550,tech_fans,1,2020-09-09 09:51:19,0,/r/news/comments/ipg946/bitcoin_acts_like_a_tech_stock_and_ethereum/,NaN
ipg94p,Bitcoin Acts Like a Tech Stock and Ethereum Classic Traders Shrug Off 51% Attacks,https://techfans.co.uk/bitcoin-acts-like-a-tech-stock-and-ethereum-classic-traders-shrug-off-51-attacks-2/?feed_id=545601&amp;_unique_id=5f58ddd8e5c55,08sc009,1,2020-09-09 09:51:21,0,/r/news/comments/ipg94p/bitcoin_acts_like_a_tech_stock_and_ethereum/,NaN
ips3zj,"DeFi, Stablecoins Push Ethereum Past Bitcoin in Economic Activity",https://techfans.co.uk/defi-stablecoins-push-ethereum-past-bitcoin-in-economic-activity/?feed_id=547879&amp;_unique_id=5f596a12dffb1,tech_fans,1,2020-09-09 19:49:39,0,/r/news/comments/ips3zj/defi_stablecoins_push_ethereum_past_bitcoin_in/,NaN
ips404,"DeFi, Stablecoins Push Ethereum Past Bitcoin in Economic Activity",https://techfans.co.uk/defi-stablecoins-push-ethereum-past-bitcoin-in-economic-activity/?feed_id=547881&amp;_unique_id=5f596a13e39fc,08sc009,1,2020-09-09 19:49:40,0,/r/news/comments/ips404/defi_stablecoins_push_ethereum_past_bitcoin_in/,NaN
ipxbqv,#banks #bitcoin #bitcoinwallet #blockchain #blockchaintechnology #cryptocurrency #Ethereum #Governments #Ripple,https://globaliptrust.com/?p=13561,globaliptrust,1,2020-09-10 01:31:06,0,/r/news/comments/ipxbqv/banks_bitcoin_bitcoinwallet_blockchain/,NaN
iq7ehr,The adjusted on-chain volume of Bitcoin and Ethereum hit a 30-month high in August,https://techfans.co.uk/the-adjusted-on-chain-volume-of-bitcoin-and-ethereum-hit-a-30-month-high-in-august/?feed_id=550520&amp;_unique_id=5f5a5c3e11339,tech_fans,1,2020-09-10 13:02:54,0,/r/news/comments/iq7ehr/the_adjusted_onchain_volume_of_bitcoin_and/,NaN
iqk556,"Despite Warnings from Regulators, the Ethereum Fueled Pyramid Scheme Forsage Thrives",https://techfans.co.uk/despite-warnings-from-regulators-the-ethereum-fueled-pyramid-scheme-forsage-thrives/?feed_id=552211&amp;_unique_id=5f5b02b02e404,tech_fans,1,2020-09-11 00:53:04,0,/r/news/comments/iqk556/despite_warnings_from_regulators_the_ethereum/,NaN
iqk55l,"Despite Warnings from Regulators, the Ethereum Fueled Pyramid Scheme Forsage Thrives",https://techfans.co.uk/despite-warnings-from-regulators-the-ethereum-fueled-pyramid-scheme-forsage-thrives/?feed_id=552213&amp;_unique_id=5f5b02b13734d,08sc009,1,2020-09-11 00:53:05,0,/r/news/comments/iqk55l/despite_warnings_from_regulators_the_ethereum/,NaN
iqngcz,What Ethereum flipping Bitcoin could look like,https://techfans.co.uk/what-ethereum-flipping-bitcoin-could-look-like/?feed_id=552610&amp;_unique_id=5f5b46ea2a086,tech_fans,1,2020-09-11 05:44:10,0,/r/news/comments/iqngcz/what_ethereum_flipping_bitcoin_could_look_like/,NaN
iqngd8,What Ethereum flipping Bitcoin could look like,https://techfans.co.uk/what-ethereum-flipping-bitcoin-could-look-like/?feed_id=552612&amp;_unique_id=5f5b46eb3da26,08sc009,1,2020-09-11 05:44:11,0,/r/news/comments/iqngd8/what_ethereum_flipping_bitcoin_could_look_like/,NaN
irellz,A Day in the Life of an Ethereum 2.0 Validator,https://bbccnnlife.com/2020/09/12/a-day-in-the-life-of-an-ethereum-2-0-validator/?feed_id=62571&amp;_unique_id=5f5ce9266d8ae,jelloooo2,1,2020-09-12 11:28:38,0,/r/news/comments/irellz/a_day_in_the_life_of_an_ethereum_20_validator/,NaN
iruaqg,Bitcoin (BTC) on Ethereum (ETH) up nearly 40% in 30 days,https://techfans.co.uk/bitcoin-btc-on-ethereum-eth-up-nearly-40-in-30-days/?feed_id=556847&amp;_unique_id=5f5dd28b4df43,tech_fans,1,2020-09-13 04:04:28,0,/r/news/comments/iruaqg/bitcoin_btc_on_ethereum_eth_up_nearly_40_in_30/,NaN
isb5k3,"Bitcoin and Ethereum - Weekly Technical Analysis – September 14th, 2020",https://techfans.co.uk/bitcoin-and-ethereum-weekly-technical-analysis-september-14th-2020/?feed_id=558177&amp;_unique_id=5f5ec64d0e78d,tech_fans,1,2020-09-13 21:24:29,0,/r/news/comments/isb5k3/bitcoin_and_ethereum_weekly_technical_analysis/,NaN
isb5kj,"Bitcoin and Ethereum - Weekly Technical Analysis – September 14th, 2020",https://techfans.co.uk/bitcoin-and-ethereum-weekly-technical-analysis-september-14th-2020/?feed_id=558179&amp;_unique_id=5f5ec64e2b6e9,08sc009,1,2020-09-13 21:24:30,0,/r/news/comments/isb5kj/bitcoin_and_ethereum_weekly_technical_analysis/,NaN
iselh8,ICoinTime｜CZ Welcomes Ethereum-Based DeFi Projects to Join His Platform,https://en.icointime.com/post/405620781059.html,[deleted],1,2020-09-14 01:11:31,0,/r/news/comments/iselh8/icointimecz_welcomes_ethereumbased_defi_projects/,NaN
isis4i,"Ethereum DeFi is like Bitcoin in 2013, could it beat BTC?",https://techfans.co.uk/ethereum-defi-is-like-bitcoin-in-2013-could-it-beat-btc/?feed_id=558880&amp;_unique_id=5f5f4e2875416,tech_fans,1,2020-09-14 07:04:08,0,/r/news/comments/isis4i/ethereum_defi_is_like_bitcoin_in_2013_could_it/,NaN
islj56,"Best mining rigs and mining PCs for Bitcoin, Ethereum and more",https://techfans.co.uk/best-mining-rigs-and-mining-pcs-for-bitcoin-ethereum-and-more/?feed_id=559773&amp;_unique_id=5f5f792f6acfc,tech_fans,1,2020-09-14 10:07:43,0,/r/news/comments/islj56/best_mining_rigs_and_mining_pcs_for_bitcoin/,NaN
it630m,"Besides bitcoin, Indians buy tether, ethereum cryptocurrencies — Quartz India",https://techfans.co.uk/besides-bitcoin-indians-buy-tether-ethereum-cryptocurrencies-quartz-india/?feed_id=563440&amp;_unique_id=5f60966195298,tech_fans,1,2020-09-15 06:24:33,0,/r/news/comments/it630m/besides_bitcoin_indians_buy_tether_ethereum/,NaN
it98k1,"NVIDIA GeForce RTX 3080 Ethereum Crypto Mining Performance Leaks Out, Up To 93 MH/s When Overclocked",https://yakanak.tumblr.com/post/629329109497102336/nvidia-geforce-rtx-3080-ethereum-crypto-mining#_=_,121kiwi,1,2020-09-15 09:55:27,0,/r/news/comments/it98k1/nvidia_geforce_rtx_3080_ethereum_crypto_mining/,NaN
itag38,Bitcoin worth $1B has been tokenized on Ethereum since June,https://techfans.co.uk/bitcoin-worth-1b-has-been-tokenized-on-ethereum-since-june/?feed_id=564409&amp;_unique_id=5f60d7080d5c8,tech_fans,1,2020-09-15 11:00:24,0,/r/news/comments/itag38/bitcoin_worth_1b_has_been_tokenized_on_ethereum/,NaN
itag3w,Bitcoin worth $1B has been tokenized on Ethereum since June,https://techfans.co.uk/bitcoin-worth-1b-has-been-tokenized-on-ethereum-since-june/?feed_id=564411&amp;_unique_id=5f60d709772b6,08sc009,1,2020-09-15 11:00:25,0,/r/news/comments/itag3w/bitcoin_worth_1b_has_been_tokenized_on_ethereum/,NaN
itb4m7,"Galaxy Digital, IOSG Lead $1.2M Raise for Startup Creating Automated Ethereum Services",https://bbccnnlife.com/2020/09/15/galaxy-digital-iosg-lead-1-2m-raise-for-startup-creating-automated-ethereum-services/?feed_id=63459&amp;_unique_id=5f60def3cba70,jelloooo2,1,2020-09-15 11:34:12,0,/r/news/comments/itb4m7/galaxy_digital_iosg_lead_12m_raise_for_startup/,NaN
iua5bn,"Bitcoin, Ethereum &amp; Crypto.com - American Wrap: 9/16/2020",https://techfans.co.uk/bitcoin-ethereum-crypto-com-american-wrap-9-16-2020/?feed_id=571420&amp;_unique_id=5f62c54867b5e,tech_fans,1,2020-09-16 22:09:12,0,/r/news/comments/iua5bn/bitcoin_ethereum_cryptocom_american_wrap_9162020/,NaN
iuipsp,"Tevoro.com Announces New Book Revealing What's Missing from Bitcoin, Ethereum and Other Cryptocurrencies",https://techfans.co.uk/tevoro-com-announces-new-book-revealing-whats-missing-from-bitcoin-ethereum-and-other-cryptocurrencies/?feed_id=572484&amp;_unique_id=5f635a54d2dbf,tech_fans,1,2020-09-17 08:45:08,0,/r/news/comments/iuipsp/tevorocom_announces_new_book_revealing_whats/,NaN
iuipt8,"Tevoro.com Announces New Book Revealing What's Missing from Bitcoin, Ethereum and Other Cryptocurrencies",https://techfans.co.uk/tevoro-com-announces-new-book-revealing-whats-missing-from-bitcoin-ethereum-and-other-cryptocurrencies/?feed_id=572486&amp;_unique_id=5f635a563de77,08sc009,1,2020-09-17 08:45:10,0,/r/news/comments/iuipt8/tevorocom_announces_new_book_revealing_whats/,NaN
ivjh29,"Uniswap Trading Volume Trails Only Bitcoin, Ethereum, Tether",https://techfans.co.uk/uniswap-trading-volume-trails-only-bitcoin-ethereum-tether/?feed_id=578659&amp;_unique_id=5f656482ce763,tech_fans,1,2020-09-18 21:53:07,0,/r/news/comments/ivjh29/uniswap_trading_volume_trails_only_bitcoin/,NaN
ivjh2s,"Uniswap Trading Volume Trails Only Bitcoin, Ethereum, Tether",https://techfans.co.uk/uniswap-trading-volume-trails-only-bitcoin-ethereum-tether/?feed_id=578661&amp;_unique_id=5f65648464e8f,08sc009,1,2020-09-18 21:53:08,0,/r/news/comments/ivjh2s/uniswap_trading_volume_trails_only_bitcoin/,NaN
ivl3jf,"New Binance-Backed DeFi Site Lets You Earn Yield on Bitcoin, Other Non-Ethereum Assets",https://www.bbccnnlife.com/2020/09/19/new-binance-backed-defi-site-lets-you-earn-yield-on-bitcoin-other-non-ethereum-assets/?feed_id=64527&amp;_unique_id=5f657ddd02c76,jelloooo2,1,2020-09-18 23:41:17,0,/r/news/comments/ivl3jf/new_binancebacked_defi_site_lets_you_earn_yield/,NaN
ivqcfk,"Blockchain Bites: Airdrops, Record Volumes, $1B BTC on Ethereum",https://techfans.co.uk/blockchain-bites-airdrops-record-volumes-1b-btc-on-ethereum/?feed_id=579001&amp;_unique_id=5f65e1793b0ad,tech_fans,1,2020-09-19 06:46:17,0,/r/news/comments/ivqcfk/blockchain_bites_airdrops_record_volumes_1b_btc/,NaN
iw6q2n,What Developers Expect From Ethereum 2.0's Introduction,https://bbccnnlife.com/2020/09/20/what-developers-expect-from-ethereum-2-0s-introduction/?feed_id=64827&amp;_unique_id=5f66cfce2b599,jelloooo2,1,2020-09-19 23:43:11,0,/r/news/comments/iw6q2n/what_developers_expect_from_ethereum_20s/,NaN
ix28so,Digital Gold Narrative Could Be Bitcoin’s Lone Ace as Ethereum Gains,https://techfans.co.uk/digital-gold-narrative-could-be-bitcoins-lone-ace-as-ethereum-gains/?feed_id=583276&amp;_unique_id=5f68c23926a46,tech_fans,1,2020-09-21 11:09:45,0,/r/news/comments/ix28so/digital_gold_narrative_could_be_bitcoins_lone_ace/,NaN
ix28t0,Digital Gold Narrative Could Be Bitcoin’s Lone Ace as Ethereum Gains,https://techfans.co.uk/digital-gold-narrative-could-be-bitcoins-lone-ace-as-ethereum-gains/?feed_id=583278&amp;_unique_id=5f68c23a4b424,08sc009,1,2020-09-21 11:09:46,0,/r/news/comments/ix28t0/digital_gold_narrative_could_be_bitcoins_lone_ace/,NaN
ixbjow,"Bitcoin, Ethereum &amp; Uniswap - American Wrap: 9/21/2020",https://techfans.co.uk/bitcoin-ethereum-uniswap-american-wrap-9-21-2020/?feed_id=585100&amp;_unique_id=5f6931a7b09dc,tech_fans,1,2020-09-21 19:05:11,0,/r/news/comments/ixbjow/bitcoin_ethereum_uniswap_american_wrap_9212020/,NaN
ixxpms,"Bitcoin, Ethereum &amp; Ripple - American Wrap: 9/22/2020",https://techfans.co.uk/bitcoin-ethereum-ripple-american-wrap-9-22-2020/?feed_id=588672&amp;_unique_id=5f6a78ff28f40,tech_fans,1,2020-09-22 18:21:51,0,/r/news/comments/ixxpms/bitcoin_ethereum_ripple_american_wrap_9222020/,NaN
ixxpnk,"Bitcoin, Ethereum &amp; Ripple - American Wrap: 9/22/2020",https://techfans.co.uk/bitcoin-ethereum-ripple-american-wrap-9-22-2020/?feed_id=588674&amp;_unique_id=5f6a79001d621,08sc009,1,2020-09-22 18:21:52,0,/r/news/comments/ixxpnk/bitcoin_ethereum_ripple_american_wrap_9222020/,NaN
iy4rtq,Tokenized Bitcoin on Ethereum Now Tops $1.1 B: Here's Why,https://techfans.co.uk/tokenized-bitcoin-on-ethereum-now-tops-1-1-b-heres-why/?feed_id=589660&amp;_unique_id=5f6ae725cddeb,tech_fans,1,2020-09-23 02:11:49,0,/r/news/comments/iy4rtq/tokenized_bitcoin_on_ethereum_now_tops_11_b_heres/,NaN
iy4rtw,Tokenized Bitcoin on Ethereum Now Tops $1.1 B: Here's Why,https://techfans.co.uk/tokenized-bitcoin-on-ethereum-now-tops-1-1-b-heres-why/?feed_id=589662&amp;_unique_id=5f6ae726c1037,08sc009,1,2020-09-23 02:11:50,0,/r/news/comments/iy4rtw/tokenized_bitcoin_on_ethereum_now_tops_11_b_heres/,NaN
iyiy1m,"Bitcoin, Ethereum &amp; OmiseGo - American Wrap: 9/23/2020",https://techfans.co.uk/bitcoin-ethereum-omisego-american-wrap-9-23-2020/?feed_id=592225&amp;_unique_id=5f6bb6753c411,tech_fans,1,2020-09-23 16:56:21,0,/r/news/comments/iyiy1m/bitcoin_ethereum_omisego_american_wrap_9232020/,NaN
iyiy2c,"Bitcoin, Ethereum &amp; OmiseGo - American Wrap: 9/23/2020",https://techfans.co.uk/bitcoin-ethereum-omisego-american-wrap-9-23-2020/?feed_id=592227&amp;_unique_id=5f6bb67677f62,08sc009,1,2020-09-23 16:56:22,0,/r/news/comments/iyiy2c/bitcoin_ethereum_omisego_american_wrap_9232020/,NaN
izvxch,A Record $1.2 Billion in Bitcoin Has Now Moved to Ethereum,https://techfans.co.uk/a-record-1-2-billion-in-bitcoin-has-now-moved-to-ethereum/?feed_id=600015&amp;_unique_id=5f6e908481b03,tech_fans,1,2020-09-25 20:51:16,0,/r/news/comments/izvxch/a_record_12_billion_in_bitcoin_has_now_moved_to/,NaN
j0kc9r,The One-Way ETH 'Burn' That Will Kick-Start Ethereum 2.0,https://www.bbccnnlife.com/2020/09/27/the-one-way-eth-burn-that-will-kick-start-ethereum-2-0/?feed_id=67743&amp;_unique_id=5f700da279164,jelloooo2,1,2020-09-26 23:57:22,0,/r/news/comments/j0kc9r/the_oneway_eth_burn_that_will_kickstart_ethereum/,NaN
j2guhb,Tokenized BTC Crosses $1B Notional: Ethereum Cements Role as Bitcoin's Main Sidechain,https://techfans.co.uk/tokenized-btc-crosses-1b-notional-ethereum-cements-role-as-bitcoins-main-sidechain/?feed_id=610921&amp;_unique_id=5f7423d873257,tech_fans,1,2020-09-30 02:21:12,0,/r/news/comments/j2guhb/tokenized_btc_crosses_1b_notional_ethereum/,NaN
j2guhl,Tokenized BTC Crosses $1B Notional: Ethereum Cements Role as Bitcoin's Main Sidechain,https://techfans.co.uk/tokenized-btc-crosses-1b-notional-ethereum-cements-role-as-bitcoins-main-sidechain/?feed_id=610923&amp;_unique_id=5f7423d9917c1,08sc009,1,2020-09-30 02:21:13,0,/r/news/comments/j2guhl/tokenized_btc_crosses_1b_notional_ethereum/,NaN
j2hyc1,Cumulative Ethereum Transaction Fees in 2020 Supersede Bitcoin's by a Long Shot,https://techfans.co.uk/cumulative-ethereum-transaction-fees-in-2020-supersede-bitcoins-by-a-long-shot/?feed_id=610959&amp;_unique_id=5f7439e17670f,tech_fans,1,2020-09-30 03:55:13,0,/r/news/comments/j2hyc1/cumulative_ethereum_transaction_fees_in_2020/,NaN
j2hyca,Cumulative Ethereum Transaction Fees in 2020 Supersede Bitcoin's by a Long Shot,https://techfans.co.uk/cumulative-ethereum-transaction-fees-in-2020-supersede-bitcoins-by-a-long-shot/?feed_id=610961&amp;_unique_id=5f7439e27957b,08sc009,1,2020-09-30 03:55:14,0,/r/news/comments/j2hyca/cumulative_ethereum_transaction_fees_in_2020/,NaN
j37v5z,Record $166M Ethereum Fees Last Month Were Six Times Bigger than Bitcoin's - CoinDesk - CoinDesk,https://techfans.co.uk/record-166m-ethereum-fees-last-month-were-six-times-bigger-than-bitcoins-coindesk-coindesk/?feed_id=616564&amp;_unique_id=5f75cf5958457,tech_fans,1,2020-10-01 08:45:13,0,/r/news/comments/j37v5z/record_166m_ethereum_fees_last_month_were_six/,NaN
j37v6i,Record $166M Ethereum Fees Last Month Were Six Times Bigger than Bitcoin's - CoinDesk - CoinDesk,https://techfans.co.uk/record-166m-ethereum-fees-last-month-were-six-times-bigger-than-bitcoins-coindesk-coindesk/?feed_id=616566&amp;_unique_id=5f75cf5a70cf8,08sc009,1,2020-10-01 08:45:14,0,/r/news/comments/j37v6i/record_166m_ethereum_fees_last_month_were_six/,NaN
j3bgk2,"Blockchain Bites: Dorsey Challenges Coinbase, Nasdaq Lists Diginex, Ethereum Miners Profit",https://www.bbccnnlife.com/2020/10/01/blockchain-bites-dorsey-challenges-coinbase-nasdaq-lists-diginex-ethereum-miners-profit/?feed_id=69735&amp;_unique_id=5f75fe62700e1,jelloooo2,1,2020-10-01 12:05:54,0,/r/news/comments/j3bgk2/blockchain_bites_dorsey_challenges_coinbase/,NaN
j5zxe8,"Ethereum Transaction Fees Fall 82%, as Defi Hype Eases",https://techfans.co.uk/ethereum-transaction-fees-fall-82-as-defi-hype-eases/?feed_id=631479&amp;_unique_id=5f7c0915f3131,tech_fans,1,2020-10-06 02:05:10,0,/r/news/comments/j5zxe8/ethereum_transaction_fees_fall_82_as_defi_hype/,NaN
j5zxeq,"Ethereum Transaction Fees Fall 82%, as Defi Hype Eases",https://techfans.co.uk/ethereum-transaction-fees-fall-82-as-defi-hype-eases/?feed_id=631481&amp;_unique_id=5f7c09175ed5f,08sc009,1,2020-10-06 02:05:12,0,/r/news/comments/j5zxeq/ethereum_transaction_fees_fall_82_as_defi_hype/,NaN
j6r35u,First Mover: Bitcoin Steady as Trump Tweets and Neo Takes on Ethereum - Yahoo Finance,https://techfans.co.uk/first-mover-bitcoin-steady-as-trump-tweets-and-neo-takes-on-ethereum-yahoo-finance/?feed_id=637255&amp;_unique_id=5f7dc65812d83,tech_fans,1,2020-10-07 09:44:56,0,/r/news/comments/j6r35u/first_mover_bitcoin_steady_as_trump_tweets_and/,NaN
j6r36e,First Mover: Bitcoin Steady as Trump Tweets and Neo Takes on Ethereum - Yahoo Finance,https://techfans.co.uk/first-mover-bitcoin-steady-as-trump-tweets-and-neo-takes-on-ethereum-yahoo-finance/?feed_id=637257&amp;_unique_id=5f7dc65947c45,08sc009,1,2020-10-07 09:44:57,0,/r/news/comments/j6r36e/first_mover_bitcoin_steady_as_trump_tweets_and/,NaN
j72p04,First Mover: Bitcoin Steady as Trump Tweets and Neo Takes on Ethereum,https://techfans.co.uk/first-mover-bitcoin-steady-as-trump-tweets-and-neo-takes-on-ethereum/?feed_id=638796&amp;_unique_id=5f7e5a1da2c2b,08sc009,1,2020-10-07 20:15:25,0,/r/news/comments/j72p04/first_mover_bitcoin_steady_as_trump_tweets_and/,NaN
j77hl6,"All Investors Should Hold Some Bitcoin And Ethereum, But Here's What You Need To Know",https://techfans.co.uk/all-investors-should-hold-some-bitcoin-and-ethereum-but-heres-what-you-need-to-know/?feed_id=639233&amp;_unique_id=5f7ea4c25885b,08sc009,1,2020-10-08 01:33:54,0,/r/news/comments/j77hl6/all_investors_should_hold_some_bitcoin_and/,NaN
j7g23l,David Hoffman: Ethereum Is the Frontier of Financial Innovation,https://bbccnnlife.com/2020/10/08/david-hoffman-ethereum-is-the-frontier-of-financial-innovation/?feed_id=72471&amp;_unique_id=5f7f3bf19cfea,jelloooo2,1,2020-10-08 12:18:57,0,/r/news/comments/j7g23l/david_hoffman_ethereum_is_the_frontier_of/,NaN
j9u8ky,Securitize Is Taking Ethereum-Based Securities Into the DeFi Realm,http://bbccnnlife.com/2020/10/12/securitize-is-taking-ethereum-based-securities-into-the-defi-realm/?feed_id=74007&amp;_unique_id=5f8485bc556f9,jelloooo2,1,2020-10-12 12:35:08,0,/r/news/comments/j9u8ky/securitize_is_taking_ethereumbased_securities/,NaN
jbo7r1,More $4 billion worth of Bitcoin and Ethereum has been absorbed into DeFi so far.,https://techfans.co.uk/more-4-billion-worth-of-bitcoin-and-ethereum-has-been-absorbed-into-defi-so-far/?feed_id=665016&amp;_unique_id=5f8857afdb256,08sc009,1,2020-10-15 10:07:44,0,/r/news/comments/jbo7r1/more_4_billion_worth_of_bitcoin_and_ethereum_has/,NaN
jdzgcs,Developers are abandoning Bitcoin and Ethereum in favor of this little-known crypto platform,https://techfans.co.uk/developers-are-abandoning-bitcoin-and-ethereum-in-favor-of-this-little-known-crypto-platform/?feed_id=673471&amp;_unique_id=5f8d6fc775a5e,08sc009,1,2020-10-19 06:51:51,0,/r/news/comments/jdzgcs/developers_are_abandoning_bitcoin_and_ethereum_in/,NaN
jf8o29,"Is This When To Buy Bitcoin, Ethereum, Litecoin, Ripple’s XRP, Chainlink, And Other Cryptocurrencies?",https://techfans.co.uk/is-this-when-to-buy-bitcoin-ethereum-litecoin-ripples-xrp-chainlink-and-other-cryptocurrencies/?feed_id=680444&amp;_unique_id=5f8fe9a96b7d3,08sc009,1,2020-10-21 03:56:25,0,/r/news/comments/jf8o29/is_this_when_to_buy_bitcoin_ethereum_litecoin/,NaN
jf8zfu,An Ethereum VR Game Featuring Atari and Care Bears Sells Plots of Virtual Land for $76K,https://techfans.co.uk/an-ethereum-vr-game-featuring-atari-and-care-bears-sells-plots-of-virtual-land-for-76k/?feed_id=680520&amp;_unique_id=5f8ff0648addb,08sc009,1,2020-10-21 04:25:08,0,/r/news/comments/jf8zfu/an_ethereum_vr_game_featuring_atari_and_care/,NaN
jfyrpt,"Forget Ethereum, DeFi Is Being Built on Bitcoin",https://techfans.co.uk/forget-ethereum-defi-is-being-built-on-bitcoin/?feed_id=684871&amp;_unique_id=5f917c6329a16,08sc009,1,2020-10-22 08:34:43,0,/r/news/comments/jfyrpt/forget_ethereum_defi_is_being_built_on_bitcoin/,NaN
jgch6k,"Ethereum Q3 Volume Dwarfs Bitcoin's, Fueled by DeFi",https://techfans.co.uk/ethereum-q3-volume-dwarfs-bitcoins-fueled-by-defi/?feed_id=687341&amp;_unique_id=5f9226ae55695,08sc009,1,2020-10-22 20:41:18,0,/r/news/comments/jgch6k/ethereum_q3_volume_dwarfs_bitcoins_fueled_by_defi/,NaN
jib2lr,Ethereum Is Available for Retirement Accounts With Bitcoin IRA™,https://techfans.co.uk/ethereum-is-available-for-retirement-accounts-with-bitcoin-ira/?feed_id=694276&amp;_unique_id=5f968d0f12b24,08sc009,1,2020-10-26 04:47:11,0,/r/news/comments/jib2lr/ethereum_is_available_for_retirement_accounts/,NaN
jjhi0k,Bitcoin fees spike 198% but Ethereum still more profitable,https://techfans.co.uk/bitcoin-fees-spike-198-but-ethereum-still-more-profitable/?feed_id=701705&amp;_unique_id=5f98f6b758ee2,08sc009,1,2020-10-28 00:42:31,0,/r/news/comments/jjhi0k/bitcoin_fees_spike_198_but_ethereum_still_more/,NaN
jl15q8,Ethereum Developers Pencil In January for Eth 1.x 'Berlin' Hard Fork,https://www.bbccnnlife.com/2020/10/30/ethereum-developers-pencil-in-january-for-eth-1-x-berlin-hard-fork/?feed_id=81039&amp;_unique_id=5f9c4d2074020,jelloooo2,1,2020-10-30 13:28:00,0,/r/news/comments/jl15q8/ethereum_developers_pencil_in_january_for_eth_1x/,NaN
jm66z6,Technician in Italy Used Airport’s Computers to Mine Ethereum in Italy: Report,https://bbccnnlife.com/2020/11/01/technician-in-italy-used-airports-computers-to-mine-ethereum-in-italy-report/?feed_id=81747&amp;_unique_id=5f9ef11995ff1,jelloooo2,1,2020-11-01 12:32:09,0,/r/news/comments/jm66z6/technician_in_italy_used_airports_computers_to/,NaN
jsvbbo,Crypto 101: What is Ethereum Virtual Machine (EVM),https://www.youtube.com/watch?v=9DQIyY00S5w&amp;feature=youtu.be,TopThingsToKnow,1,2020-11-12 09:16:19,0,/r/news/comments/jsvbbo/crypto_101_what_is_ethereum_virtual_machine_evm/,NaN
jsvbbv,Crypto 101: What is Ethereum Improvement Proposal (EIP),https://www.youtube.com/watch?v=DWPgyj3xvvY&amp;feature=youtu.be,TopThingsToKnow,1,2020-11-12 09:16:20,0,/r/news/comments/jsvbbv/crypto_101_what_is_ethereum_improvement_proposal/,NaN
jsvbcn,Crypto 101: What is Enterprise Ethereum Alliance (EEA),https://www.youtube.com/watch?v=rsu-UzJB3cY&amp;feature=youtu.be,TopThingsToKnow,1,2020-11-12 09:16:21,0,/r/news/comments/jsvbcn/crypto_101_what_is_enterprise_ethereum_alliance/,NaN
jx1nwy,ETC Token Price Forecast - Ethereum Classic Token Price Prediction,https://www.youtube.com/watch?v=uawC1ir9FDs&amp;feature=youtu.be,TopThingsToKnow,1,2020-11-19 07:16:42,0,/r/news/comments/jx1nwy/etc_token_price_forecast_ethereum_classic_token/,NaN
jyeg59,ETH Price Forecast - Ethereum Price Prediction,https://www.youtube.com/watch?v=n7Bt6xc1ohQ&amp;feature=youtu.be,TopThingsToKnow,1,2020-11-21 12:16:20,0,/r/news/comments/jyeg59/eth_price_forecast_ethereum_price_prediction/,NaN
k35un9,Ethereum $1000 Price Forecast December,https://www.youtube.com/watch?v=ubn-Td1bklc&amp;feature=youtu.be,TopThingsToKnow,1,2020-11-29 03:16:30,0,/r/news/comments/k35un9/ethereum_1000_price_forecast_december/,NaN
k607og,Ethereum to hit $2.5k in Q1 2021 price prediction,https://www.youtube.com/watch?v=3RWzxOtSBKk&amp;feature=youtu.be,TopThingsToKnow,1,2020-12-03 11:16:39,0,/r/news/comments/k607og/ethereum_to_hit_25k_in_q1_2021_price_prediction/,NaN
k7ciqh,ETH Price Prediction 2021 - Ethereum Price Forecast 2021,https://www.youtube.com/watch?v=x27wwPKqy7k&amp;feature=youtu.be,TopThingsToKnow,1,2020-12-05 13:16:16,0,/r/news/comments/k7ciqh/eth_price_prediction_2021_ethereum_price_forecast/,NaN
kq6lia,Is It Alt Season Yet ? and what's happening with Ethereum !,https://www.youtube.com/watch?v=tZkRSeJTzNY&amp;t=185s,IamCyreex,1,2021-01-04 06:05:31,0,/r/news/comments/kq6lia/is_it_alt_season_yet_and_whats_happening_with/,NaN
kraug5,"Bitcoin, Cardano, Polkadot, Ethereum suffer heavy losses over proposed regulations",https://nairametrics.com/2021/01/05/bitcoin-cardano-polkadot-ethereum-suffer-heavy-losses-over-proposed-regulations/,FearLess_Alpha,1,2021-01-05 18:34:37,0,/r/news/comments/kraug5/bitcoin_cardano_polkadot_ethereum_suffer_heavy/,NaN
